STT,Tên cầu thủ,Nation,Pos,Squad,Age,Born,MP,Starts,Min,90s,Gls,Gls,Ast,Ast,G+A,G+A,G-PK,G-PK,PK,PKatt,CrdY,CrdR,Gls,Gls,Ast,Ast,G+A,G+A,G-PK,G-PK,G+A-PK
1,Brenden Aaronson,us USA,"MF,FW",Leeds United,25-207,2000,35,28,2301,25.6,4,0.16,5,0.20,9,0.35,4,0.16,0,0,2,0,4,0.16,5,0.20,9,0.35,4,0.16,0.35
2,Zach Abbott,eng ENG,DF,Nottingham Forest,20-004,2006,3,2,164,1.8,0,0.00,0,0.00,0,0.00,0,0.00,0,0,0,0,0,0.00,0,0.00,0,0.00,0,0.00,0.00
3,Tammy Abraham,eng ENG,FW,Aston Villa,28-227,1997,12,2,286,3.2,2,0.63,0,0.00,2,0.63,2,0.63,0,0,0,0,2,0.63,0,0.00,2,0.63,2,0.63,0.63
4,Joshua Acheampong,eng ENG,DF,Chelsea,20-012,2006,15,7,587,6.5,1,0.15,0,0.00,1,0.15,1,0.15,0,0,1,0,1,0.15,0,0.00,1,0.15,1,0.15,0.15
5,Tyler Adams,us USA,MF,Bournemouth,27-092,1999,23,19,1593,17.7,2,0.11,2,0.11,4,0.23,2,0.11,0,0,7,0,2,0.11,2,0.11,4,0.23,2,0.11,0.23
6,Tosin Adarabioyo,eng ENG,DF,Chelsea,28-235,1997,16,8,795,8.8,0,0.00,0,0.00,0,0.00,0,0.00,0,0,2,0,0,0.00,0,0.00,0,0.00,0,0.00,0.00
7,Simon Adingra,ci CIV,"MF,FW",Sunderland,24-136,2002,14,9,653,7.3,1,0.14,0,0.00,1,0.14,1,0.14,0,0,2,0,1,0.14,0,0.00,1,0.14,1,0.14,0.14
8,Amine Adli,ma MAR,MF,Bournemouth,26-007,2000,30,10,1075,11.9,3,0.25,1,0.08,4,0.33,3,0.25,0,0,2,0,3,0.25,1,0.08,4,0.33,3,0.25,0.33
9,Emmanuel Agbadou,ci CIV,DF,Wolves,28-334,1997,14,12,1101,12.2,0,0.00,0,0.00,0,0.00,0,0.00,0,0,1,1,0,0.00,0,0.00,0,0.00,0,0.00,0.00
10,Nayef Aguerd,ma MAR,DF,West Ham United,30-048,1996,2,2,180,2.0,0,0.00,0,0.00,0,0.00,0,0.00,0,0,0,0,0,0.00,0,0.00,0,0.00,0,0.00,0.00
11,Ola Aina,ng NGA,DF,Nottingham Forest,29-221,1996,18,18,1588,17.6,0,0.00,0,0.00,0,0.00,0,0.00,0,0,3,0,0,0.00,0,0.00,0,0.00,0,0.00,0.00
12,Rayan Aït-Nouri,dz ALG,DF,Manchester City,24-345,2001,16,12,960,10.7,0,0.00,2,0.19,2,0.19,0,0.00,0,0,2,0,0,0.00,2,0.19,2,0.19,0,0.00,0.19
13,Kristoffer Ajer,no NOR,DF,Brentford,28-030,1998,26,19,1729,19.2,0,0.00,1,0.05,1,0.05,0,0.00,0,0,4,0,0,0.00,1,0.05,1,0.05,0,0.00,0.05
14,Nathan Aké,nl NED,DF,Manchester City,31-088,1995,17,5,619,6.9,0,0.00,0,0.00,0,0.00,0,0.00,0,0,1,0,0,0.00,0,0.00,0,0.00,0,0.00,0.00
15,Carlos Alcaraz,ar ARG,MF,Everton,23-168,2002,19,6,682,7.6,0,0.00,1,0.13,1,0.13,0,0.00,0,0,4,0,0,0.00,1,0.13,1,0.13,0,0.00,0.13
16,Omar Alderete,py PAR,DF,Sunderland,29-142,1996,32,31,2776,30.8,1,0.03,1,0.03,2,0.06,1,0.03,0,0,6,0,1,0.03,1,0.03,2,0.06,1,0.03,0.06
17,Alisson,br BRA,GK,Liverpool,33-227,1992,25,25,2250,25.0,0,0.00,0,0.00,0,0.00,0,0.00,0,0,1,0,0,0.00,0,0.00,0,0.00,0,0.00,0.00
18,Max Alleyne,eng ENG,DF,Manchester City,20-300,2005,2,2,135,1.5,0,0.00,0,0.00,0,0.00,0,0.00,0,0,0,0,0,0.00,0,0.00,0,0.00,0,0.00,0.00
19,Ethan Ampadu,wls WAL,MF,Leeds United,25-245,2000,33,33,2939,32.7,1,0.03,1,0.03,2,0.06,1,0.03,0,0,9,0,1,0.03,1,0.03,2,0.06,1,0.03,0.06
20,Joachim Andersen,dk DEN,DF,Fulham,29-351,1996,33,33,2875,31.9,0,0.00,1,0.03,1,0.03,0,0.00,0,0,7,1,0,0.00,1,0.03,1,0.03,0,0.00,0.03
21,Elliot Anderson,eng ENG,MF,Nottingham Forest,23-192,2002,36,35,3177,35.3,4,0.11,2,0.06,6,0.17,3,0.08,1,1,7,0,4,0.11,2,0.06,6,0.17,3,0.08,0.14
22,André,br BRA,MF,Wolves,24-305,2001,33,28,2582,28.7,1,0.03,0,0.00,1,0.03,1,0.03,0,0,11,0,1,0.03,0,0.00,1,0.03,1,0.03,0.03
23,Nilson Angulo,ec ECU,MF,Sunderland,22-332,2003,6,3,268,3.0,0,0.00,0,0.00,0,0.00,0,0.00,0,0,0,0,0,0.00,0,0.00,0,0.00,0,0.00,0.00
24,Jaidon Anthony,eng ENG,MF,Burnley,26-167,1999,35,30,2548,28.3,8,0.28,2,0.07,10,0.35,8,0.28,0,0,4,0,8,0.28,2,0.07,10,0.35,8,0.28,0.35
25,Alphonse Areola,fr FRA,GK,West Ham United,33-079,1993,20,20,1800,20.0,0,0.00,1,0.05,1,0.05,0,0.00,0,0,0,0,0,0.00,1,0.05,1,0.05,0,0.00,0.05
26,Jhon Arias,co COL,"FW,MF",Wolves,28-238,1997,23,14,1124,12.5,1,0.08,0,0.00,1,0.08,1,0.08,0,0,1,0,1,0.08,0,0.00,1,0.08,1,0.08,0.08
27,Adam Armstrong,eng ENG,"FW,MF",Wolves,29-096,1997,12,12,996,11.1,1,0.09,2,0.18,3,0.27,1,0.09,0,0,3,0,1,0.09,2,0.18,3,0.27,1,0.09,0.27
28,Harrison Armstrong,eng ENG,MF,Everton,19-118,2007,12,6,500,5.6,0,0.00,0,0.00,0,0.00,0,0.00,0,0,0,0,0,0.00,0,0.00,0,0.00,0,0.00,0.00
29,Tolu Arokodare,ng NGA,FW,Wolves,25-175,2000,31,13,1375,15.3,3,0.20,1,0.07,4,0.26,3,0.20,0,1,1,0,3,0.20,1,0.07,4,0.26,3,0.20,0.26
30,Taiwo Awoniyi,ng NGA,FW,Nottingham Forest,28-278,1997,15,3,444,4.9,4,0.81,1,0.20,5,1.01,4,0.81,0,0,1,0,4,0.81,1,0.20,5,1.01,4,0.81,1.01
31,Yasin Ayari,se SWE,MF,Brighton,22-223,2003,28,20,1920,21.3,3,0.14,3,0.14,6,0.28,3,0.14,0,0,1,0,3,0.14,3,0.14,6,0.28,3,0.14,0.28
32,Benoît Badiashile,fr FRA,DF,Chelsea,25-052,2001,8,6,471,5.2,0,0.00,0,0.00,0,0.00,0,0.00,0,0,2,0,0,0.00,0,0.00,0,0.00,0,0.00,0.00
33,Leon Bailey,jm JAM,MF,Aston Villa,28-281,1997,12,2,369,4.1,0,0.00,1,0.24,1,0.24,0,0.00,0,0,1,0,0,0.00,1,0.24,1,0.24,0,0.00,0.24
34,Dilane Bakwa,fr FRA,MF,Nottingham Forest,23-264,2002,13,6,532,5.9,0,0.00,2,0.34,2,0.34,0,0.00,0,0,1,0,0,0.00,2,0.34,2,0.34,0,0.00,0.34
35,Carlos Baleba,cm CMR,MF,Brighton,22-134,2004,29,22,1539,17.1,0,0.00,0,0.00,0,0.00,0,0.00,0,0,5,0,0,0.00,0,0.00,0,0.00,0,0.00,0.00
36,Daniel Ballard,nir NIR,DF,Sunderland,26-237,1999,29,24,2149,23.9,2,0.08,0,0.00,2,0.08,2,0.08,0,0,4,1,2,0.08,0,0.00,2,0.08,2,0.08,0.08
37,Ross Barkley,eng ENG,MF,Aston Villa,32-163,1993,20,6,772,8.6,3,0.35,0,0.00,3,0.35,3,0.35,0,0,1,0,3,0.35,0,0.00,3,0.35,3,0.35,0.35
38,Harvey Barnes,eng ENG,"FW,MF",Newcastle United,28-159,1997,35,18,1847,20.5,7,0.34,0,0.00,7,0.34,7,0.34,0,0,1,0,7,0.34,0,0.00,7,0.34,7,0.34,0.34
39,Thierno Barry,fr FRA,FW,Everton,23-208,2002,36,20,1813,20.1,8,0.40,0,0.00,8,0.40,8,0.40,0,0,3,0,8,0.40,0,0.00,8,0.40,8,0.40,0.40
40,Calvin Bassey,ng NGA,DF,Fulham,26-137,1999,28,26,2354,26.2,1,0.04,0,0.00,1,0.04,1,0.04,0,0,5,0,1,0.04,0,0.00,1,0.04,1,0.04,0.04
41,Altay Bayındır,tr TUR,GK,Manchester Utd,28-033,1998,6,6,540,6.0,0,0.00,0,0.00,0,0.00,0,0.00,0,0,0,0,0,0.00,0,0.00,0,0.00,0,0.00,0.00
42,Jean-Ricner Bellegarde,ht HAI,"MF,FW",Wolves,27-324,1998,25,15,1236,13.7,1,0.07,1,0.07,2,0.15,1,0.07,0,0,5,0,1,0.07,1,0.07,2,0.15,1,0.07,0.15
43,Rodrigo Bentancur,uy URU,MF,Tottenham Hotspur,28-326,1997,24,21,1712,19.0,1,0.05,1,0.05,2,0.11,1,0.05,0,0,7,0,1,0.05,1,0.05,2,0.11,1,0.05,0.11
44,Daniel Bentley,eng ENG,GK,Wolves,32-308,1993,3,3,270,3.0,0,0.00,0,0.00,0,0.00,0,0.00,0,0,0,0,0,0.00,0,0.00,0,0.00,0,0.00,0.00
45,Sander Berge,no NOR,MF,Fulham,28-092,1998,33,32,2770,30.8,0,0.00,1,0.03,1,0.03,0,0.00,0,0,5,0,0,0.00,1,0.03,1,0.03,0,0.00,0.03
46,Lucas Bergvall,se SWE,MF,Tottenham Hotspur,20-104,2006,23,11,965,10.7,1,0.09,3,0.28,4,0.37,1,0.09,0,0,2,0,1,0.09,3,0.28,4,0.37,1,0.09,0.37
47,Beto,gw GNB,FW,Everton,28-106,1998,35,16,1489,16.5,9,0.54,1,0.06,10,0.60,9,0.54,0,0,3,0,9,0.54,1,0.06,10,0.60,9,0.54,0.60
48,Jaka Bijol,si SVN,DF,Leeds United,27-101,1999,23,19,1731,19.2,1,0.05,2,0.10,3,0.16,1,0.05,0,0,3,0,1,0.05,2,0.10,3,0.16,1,0.05,0.16
49,Yves Bissouma,ml MLI,MF,Tottenham Hotspur,29-260,1996,11,7,603,6.7,0,0.00,0,0.00,0,0.00,0,0.00,0,0,4,0,0,0.00,0,0.00,0,0.00,0,0.00,0.00
50,Marco Bizot,nl NED,GK,Aston Villa,35-068,1991,6,5,495,5.5,0,0.00,0,0.00,0,0.00,0,0.00,0,0,2,0,0,0.00,0,0.00,0,0.00,0,0.00,0.00
51,Oscar Bobb,no NOR,"MF,FW",Manchester City,22-309,2003,9,5,468,5.2,0,0.00,1,0.19,1,0.19,0,0.00,0,0,1,0,0,0.00,1,0.19,1,0.19,0,0.00,0.19
52,Oscar Bobb,no NOR,MF,Fulham,22-309,2003,12,4,422,4.7,0,0.00,0,0.00,0,0.00,0,0.00,0,0,0,0,0,0.00,0,0.00,0,0.00,0,0.00,0.00
53,Lamare Bogarde,nl NED,"MF,DF",Aston Villa,22-132,2004,27,10,981,10.9,0,0.00,0,0.00,0,0.00,0,0.00,0,0,5,0,0,0.00,0,0.00,0,0.00,0,0.00,0.00
54,Jayden Bogle,eng ENG,"MF,DF",Leeds United,25-294,2000,33,31,2716,30.2,1,0.03,2,0.07,3,0.10,1,0.03,0,0,6,0,1,0.03,2,0.07,3,0.10,1,0.03,0.10
55,Sebastiaan Bornauw,be BEL,DF,Leeds United,27-056,1999,10,4,339,3.8,0,0.00,0,0.00,0,0.00,0,0.00,0,0,1,0,0,0.00,0,0.00,0,0.00,0,0.00,0.00
56,Olivier Boscagli,fr FRA,DF,Brighton,28-180,1997,12,9,802,8.9,0,0.00,1,0.11,1,0.11,0,0.00,0,0,2,0,0,0.00,1,0.11,1,0.11,0,0.00,0.11
57,Sven Botman,nl NED,DF,Newcastle United,26-125,2000,23,19,1655,18.4,1,0.05,1,0.05,2,0.11,1,0.05,0,0,2,0,1,0.05,1,0.05,2,0.11,1,0.05,0.11
58,Jarrod Bowen,eng ENG,"MF,FW",West Ham United,29-148,1996,36,36,3223,35.8,8,0.22,10,0.28,18,0.50,7,0.20,1,1,4,0,8,0.22,10,0.28,18,0.50,7,0.20,0.47
59,Conor Bradley,nir NIR,DF,Liverpool,22-312,2003,15,12,929,10.3,0,0.00,1,0.10,1,0.10,0,0.00,0,0,5,0,0,0.00,1,0.10,1,0.10,0,0.00,0.10
60,Jarrad Branthwaite,eng ENG,DF,Everton,23-324,2002,10,7,680,7.6,1,0.13,0,0.00,1,0.13,1,0.13,0,0,1,0,1,0.13,0,0.00,1,0.13,1,0.13,0.13
61,Brian Brobbey,nl NED,FW,Sunderland,24-105,2002,29,20,1791,19.9,6,0.30,1,0.05,7,0.35,6,0.30,0,0,6,0,6,0.30,1,0.05,7,0.35,6,0.30,0.35
62,Armando Broja,al ALB,FW,Burnley,24-249,2001,24,8,860,9.6,1,0.10,1,0.10,2,0.21,1,0.10,0,0,0,0,1,0.10,1,0.10,2,0.21,1,0.10,0.21
63,David Brooks,wls WAL,MF,Bournemouth,28-313,1997,30,13,1197,13.3,1,0.08,3,0.23,4,0.30,1,0.08,0,0,7,0,1,0.08,3,0.23,4,0.30,1,0.08,0.30
64,Jacob Bruun Larsen,dk DEN,"MF,FW",Burnley,27-240,1998,26,10,1015,11.3,0,0.00,1,0.09,1,0.09,0,0.00,0,0,0,0,0,0.00,1,0.09,1,0.09,0,0.00,0.09
65,Emi Buendía,ar ARG,MF,Aston Villa,29-143,1996,35,20,1665,18.5,6,0.32,2,0.11,8,0.43,6,0.32,0,0,6,0,6,0.32,2,0.11,8,0.43,6,0.32,0.43
66,Hugo Bueno,es ESP,"MF,DF",Wolves,23-241,2002,33,26,2343,26.0,1,0.04,2,0.08,3,0.12,1,0.04,0,0,3,0,1,0.04,2,0.08,3,0.12,1,0.04,0.12
67,Santiago Bueno,uy URU,DF,Wolves,27-189,1998,27,26,2373,26.4,3,0.11,1,0.04,4,0.15,3,0.11,0,0,4,0,3,0.11,1,0.04,4,0.15,3,0.11,0.15
68,Dan Burn,eng ENG,DF,Newcastle United,34-008,1992,27,24,2100,23.3,1,0.04,2,0.09,3,0.13,1,0.04,0,0,11,1,1,0.04,2,0.09,3,0.13,1,0.04,0.13
69,Moisés Caicedo,ec ECU,MF,Chelsea,24-196,2001,31,30,2621,29.1,3,0.10,1,0.03,4,0.14,3,0.10,0,0,11,1,3,0.10,1,0.03,4,0.14,3,0.10,0.14
70,Tom Cairney,sct SCO,MF,Fulham,35-117,1991,23,6,744,8.3,1,0.12,0,0.00,1,0.12,1,0.12,0,0,3,0,1,0.12,0,0.00,1,0.12,1,0.12,0.12
71,Riccardo Calafiori,it ITA,DF,Arsenal,23-363,2002,24,20,1583,17.6,1,0.06,2,0.11,3,0.17,1,0.06,0,0,5,0,1,0.06,2,0.11,3,0.17,1,0.06,0.17
72,Dominic Calvert-Lewin,eng ENG,FW,Leeds United,29-062,1997,33,28,2563,28.5,13,0.46,1,0.04,14,0.49,9,0.32,4,5,2,0,13,0.46,1,0.04,14,0.49,9,0.32,0.35
73,Jaydee Canvot,fr FRA,DF,Crystal Palace,19-292,2006,19,13,1246,13.8,0,0.00,0,0.00,0,0.00,0,0.00,0,0,3,0,0,0.00,0,0.00,0,0.00,0,0.00,0.00
74,Fabio Carvalho,pt POR,MF,Brentford,23-260,2002,6,1,102,1.1,1,0.88,0,0.00,1,0.88,1,0.88,0,0,0,0,1,0.88,0,0.00,1,0.88,1,0.88,0.88
75,Casemiro,br BRA,MF,Manchester Utd,34-083,1992,33,32,2491,27.7,9,0.33,2,0.07,11,0.40,9,0.33,0,0,10,1,9,0.33,2,0.07,11,0.40,9,0.33,0.40
76,Matty Cash,pl POL,DF,Aston Villa,28-283,1997,34,34,2969,33.0,3,0.09,3,0.09,6,0.18,3,0.09,0,0,9,0,3,0.09,3,0.09,6,0.18,3,0.09,0.18
77,Timothy Castagne,be BEL,"DF,MF",Fulham,30-163,1995,28,18,1665,18.5,0,0.00,0,0.00,0,0.00,0,0.00,0,0,4,0,0,0.00,0,0.00,0,0.00,0,0.00,0.00
78,Valentín Castellanos,ar ARG,FW,West Ham United,27-226,1998,16,16,1232,13.7,4,0.29,0,0.00,4,0.29,4,0.29,0,0,6,0,4,0.29,0,0.00,4,0.29,4,0.29,0.29
79,Trevoh Chalobah,eng ENG,DF,Chelsea,26-316,1999,32,31,2740,30.4,3,0.10,0,0.00,3,0.10,3,0.10,0,0,3,1,3,0.10,0,0.00,3,0.10,3,0.10,0.10
80,Rayan Cherki,fr FRA,MF,Manchester City,22-273,2003,31,19,1718,19.1,4,0.21,12,0.63,16,0.84,4,0.21,0,0,1,0,4,0.21,12,0.63,16,0.84,4,0.21,0.84
81,Federico Chiesa,it ITA,MF,Liverpool,28-204,1997,26,1,339,3.8,2,0.53,1,0.27,3,0.80,2,0.53,0,0,3,0,2,0.53,1,0.27,3,0.80,2,0.53,0.80
82,Ryan Christie,sct SCO,MF,Bournemouth,31-084,1995,26,9,993,11.0,2,0.18,0,0.00,2,0.18,2,0.18,0,0,3,1,2,0.18,0,0.00,2,0.18,2,0.18,0.18
83,Samuel Chukwueze,ng NGA,MF,Fulham,26-360,1999,22,10,1067,11.9,3,0.25,4,0.34,7,0.59,3,0.25,0,0,0,0,3,0.25,4,0.34,7,0.59,3,0.25,0.59
84,Dennis Cirkin,lv LVA,DF,Sunderland,24-041,2002,8,3,323,3.6,0,0.00,0,0.00,0,0.00,0,0.00,0,0,2,0,0,0.00,0,0.00,0,0.00,0,0.00,0.00
85,Nathaniel Clyne,eng ENG,MF,Crystal Palace,35-042,1991,9,6,504,5.6,0,0.00,1,0.18,1,0.18,0,0.00,0,0,1,0,0,0.00,1,0.18,1,0.18,0,0.00,0.18
86,Nathan Collins,ie IRL,DF,Brentford,25-017,2001,33,30,2795,31.1,1,0.03,2,0.06,3,0.10,1,0.03,0,0,6,0,1,0.03,2,0.06,3,0.10,1,0.03,0.10
87,Levi Colwill,eng ENG,DF,Chelsea,23-080,2003,2,1,135,1.5,0,0.00,0,0.00,0,0.00,0,0.00,0,0,0,0,0,0.00,0,0.00,0,0.00,0,0.00,0.00
88,Lewis Cook,eng ENG,"MF,DF",Bournemouth,29-103,1997,16,8,872,9.7,0,0.00,1,0.10,1,0.10,0,0.00,0,0,1,1,0,0.00,1,0.10,1,0.10,0,0.00,0.10
89,Diego Coppola,it ITA,DF,Brighton,22-140,2003,5,2,194,2.2,0,0.00,0,0.00,0,0.00,0,0.00,0,0,2,0,0,0.00,0,0.00,0,0.00,0,0.00,0.00
90,Marc Cucurella,es ESP,DF,Chelsea,27-299,1998,32,29,2527,28.1,1,0.04,4,0.14,5,0.18,1,0.04,0,0,7,1,1,0.04,4,0.14,5,0.18,1,0.04,0.18
91,Jorge Cuenca,es ESP,DF,Fulham,26-181,1999,14,11,933,10.4,0,0.00,0,0.00,0,0.00,0,0.00,0,0,5,0,0,0.00,0,0.00,0,0.00,0,0.00,0.00
92,Josh Cullen,ie IRL,MF,Burnley,30-040,1996,18,18,1514,16.8,2,0.12,2,0.12,4,0.24,2,0.12,0,0,2,0,2,0.12,2,0.12,4,0.24,2,0.12,0.24
93,Jair Cunha,br BRA,DF,Nottingham Forest,21-071,2005,7,5,448,5.0,0,0.00,0,0.00,0,0.00,0,0.00,0,0,0,0,0,0.00,0,0.00,0,0.00,0,0.00,0.00
94,Matheus Cunha,br BRA,"MF,FW",Manchester Utd,26-355,1999,32,28,2415,26.8,9,0.34,2,0.07,11,0.41,9,0.34,0,0,4,0,9,0.34,2,0.07,11,0.41,9,0.34,0.41
95,Diogo Dalot,pt POR,"DF,MF",Manchester Utd,27-060,1999,33,28,2524,28.0,1,0.04,3,0.11,4,0.14,1,0.04,0,0,5,0,1,0.04,3,0.11,4,0.14,1,0.04,0.14
96,Mikkel Damsgaard,dk DEN,MF,Brentford,25-318,2000,31,23,1956,21.7,4,0.18,4,0.18,8,0.37,4,0.18,0,0,0,0,4,0.18,4,0.18,8,0.37,4,0.18,0.37
97,Kevin Danso,at AUT,DF,Tottenham Hotspur,27-240,1998,22,15,1314,14.6,0,0.00,0,0.00,0,0.00,0,0.00,0,0,8,0,0,0.00,0,0.00,0,0.00,0,0.00,0.00
98,Karl Darlow,wls WAL,GK,Leeds United,35-221,1990,20,20,1800,20.0,0,0.00,0,0.00,0,0.00,0,0.00,0,0,1,0,0,0.00,0,0.00,0,0.00,0,0.00,0.00
99,Ben Davies,wls WAL,DF,Tottenham Hotspur,33-023,1993,3,2,137,1.5,1,0.66,0,0.00,1,0.66,1,0.66,0,0,1,0,1,0.66,0,0.00,1,0.66,1,0.66,0.66
100,Maxim De Cuyper,be BEL,"DF,MF",Brighton,25-146,2000,28,15,1280,14.2,2,0.14,3,0.21,5,0.35,2,0.14,0,0,2,0,2,0.14,3,0.21,5,0.35,2,0.14,0.35
101,Liam Delap,eng ENG,FW,Chelsea,23-098,2003,26,11,1013,11.3,1,0.09,0,0.00,1,0.09,1,0.09,0,0,3,0,1,0.09,0,0.00,1,0.09,1,0.09,0.09
102,Sepp van den Berg,nl NED,DF,Brentford,24-148,2001,30,29,2664,29.6,0,0.00,1,0.03,1,0.03,0,0.00,0,0,2,0,0,0.00,1,0.03,1,0.03,0,0.00,0.03
103,Justin Devenny,nir NIR,"MF,FW",Crystal Palace,22-218,2003,20,6,706,7.8,1,0.13,0,0.00,1,0.13,0,0.00,1,1,0,0,1,0.13,0,0.00,1,0.13,0,0.00,0.00
104,Kiernan Dewsbury-Hall,eng ENG,MF,Everton,27-253,1998,29,28,2453,27.3,8,0.29,4,0.15,12,0.44,8,0.29,0,0,6,0,8,0.29,4,0.15,12,0.44,8,0.29,0.44
105,Bafodé Diakité,fr FRA,DF,Bournemouth,25-131,2001,18,15,1277,14.2,0,0.00,0,0.00,0,0.00,0,0.00,0,0,1,0,0,0.00,0,0.00,0,0.00,0,0.00,0.00
106,Amad Diallo,ci CIV,MF,Manchester Utd,23-310,2002,30,25,2161,24.0,2,0.08,2,0.08,4,0.17,2,0.08,0,0,2,0,2,0.08,2,0.08,4,0.17,2,0.08,0.17
107,Habib Diarra,sn SEN,MF,Sunderland,22-134,2004,18,15,1361,15.1,2,0.13,1,0.07,3,0.20,1,0.07,1,1,5,0,2,0.13,1,0.07,3,0.20,1,0.07,0.13
108,Rúben Dias,pt POR,DF,Manchester City,29-003,1997,25,23,2051,22.8,2,0.09,0,0.00,2,0.09,2,0.09,0,0,3,0,2,0.09,0,0.00,2,0.09,2,0.09,0.09
109,Tyler Dibling,eng ENG,MF,Everton,20-066,2006,14,4,358,4.0,0,0.00,0,0.00,0,0.00,0,0.00,0,0,2,0,0,0.00,0,0.00,0,0.00,0,0.00,0.00
110,Lucas Digne,fr FRA,DF,Aston Villa,32-301,1993,31,21,1852,20.6,0,0.00,6,0.29,6,0.29,0,0.00,0,0,3,0,0,0.00,6,0.29,6,0.29,0,0.00,0.29
111,Issa Diop,ma MAR,DF,Fulham,29-128,1997,11,6,641,7.1,0,0.00,0,0.00,0,0.00,0,0.00,0,0,2,0,0,0.00,0,0.00,0,0.00,0,0.00,0.00
112,El Hadji Malick Diouf,sn SEN,"DF,MF",West Ham United,21-140,2004,30,28,2527,28.1,0,0.00,5,0.18,5,0.18,0,0.00,0,0,5,0,0,0.00,5,0.18,5,0.18,0,0.00,0.18
113,Axel Disasi,fr FRA,DF,West Ham United,28-067,1998,12,12,1074,11.9,0,0.00,0,0.00,0,0.00,0,0.00,0,0,1,0,0,0.00,0,0.00,0,0.00,0,0.00,0.00
114,Matt Doherty,ie IRL,"DF,MF",Wolves,34-121,1992,11,11,787,8.7,0,0.00,0,0.00,0,0.00,0,0.00,0,0,4,0,0,0.00,0,0.00,0,0.00,0,0.00,0.00
115,Jeremy Doku,be BEL,"MF,FW",Manchester City,23-355,2002,28,18,1695,18.8,5,0.27,5,0.27,10,0.53,5,0.27,0,0,0,0,5,0.27,5,0.27,10,0.53,5,0.27,0.53
116,Nicolás Domínguez,ar ARG,MF,Nottingham Forest,27-323,1998,25,16,1080,12.0,1,0.08,1,0.08,2,0.17,1,0.08,0,0,3,0,1,0.08,1,0.08,2,0.17,1,0.08,0.17
117,Gianluigi Donnarumma,it ITA,GK,Manchester City,27-081,1999,33,33,2970,33.0,0,0.00,0,0.00,0,0.00,0,0.00,0,0,7,0,0,0.00,0,0.00,0,0.00,0,0.00,0.00
118,Patrick Dorgu,dk DEN,MF,Manchester Utd,21-203,2004,24,14,1377,15.3,3,0.20,3,0.20,6,0.39,3,0.20,0,0,5,0,3,0.20,3,0.20,6,0.39,3,0.20,0.39
119,Max Dowman,eng ENG,MF,Arsenal,16-137,2009,5,0,96,1.1,1,0.94,0,0.00,1,0.94,1,0.94,0,0,0,0,1,0.94,0,0.00,1,0.94,1,0.94,0.94
120,Radu Drăgușin,ro ROU,DF,Tottenham Hotspur,24-103,2002,9,5,516,5.7,0,0.00,0,0.00,0,0.00,0,0.00,0,0,0,0,0,0.00,0,0.00,0,0.00,0,0.00,0.00
121,Martin Dúbravka,sk SVK,GK,Burnley,37-122,1989,35,35,3150,35.0,0,0.00,0,0.00,0,0.00,0,0.00,0,0,1,0,0,0.00,0,0.00,0,0.00,0,0.00,0.00
122,Lewis Dunk,eng ENG,DF,Brighton,34-177,1991,31,29,2658,29.5,1,0.03,0,0.00,1,0.03,1,0.03,0,0,10,0,1,0.03,0,0.00,1,0.03,1,0.03,0.03
123,Marcus Edwards,eng ENG,"MF,FW",Burnley,27-165,1998,22,11,1051,11.7,1,0.09,3,0.26,4,0.34,1,0.09,0,0,0,0,1,0.09,3,0.26,4,0.34,1,0.09,0.34
124,Hjalmar Ekdal,se SWE,DF,Burnley,27-208,1998,19,17,1539,17.1,0,0.00,0,0.00,0,0.00,0,0.00,0,0,0,0,0,0.00,0,0.00,0,0.00,0,0.00,0.00
125,Hugo Ekitike,fr FRA,FW,Liverpool,23-331,2002,28,21,1803,20.0,11,0.55,4,0.20,15,0.75,11,0.55,0,0,0,0,11,0.55,4,0.20,15,0.75,11,0.55,0.75
126,Anthony Elanga,se SWE,"FW,MF",Newcastle United,24-020,2002,30,14,1288,14.3,0,0.00,1,0.07,1,0.07,0,0.00,0,0,0,0,0,0.00,1,0.07,1,0.07,0,0.00,0.07
127,Melker Ellborg,se SWE,GK,Sunderland,22-360,2003,3,3,270,3.0,0,0.00,0,0.00,0,0.00,0,0.00,0,0,0,0,0,0.00,0,0.00,0,0.00,0,0.00,0.00
128,Harvey Elliott,eng ENG,MF,Aston Villa,23-043,2003,4,1,112,1.2,0,0.00,0,0.00,0,0.00,0,0.00,0,0,0,0,0,0.00,0,0.00,0,0.00,0,0.00,0.00
129,Wataru Endo,jp JPN,DF,Liverpool,33-097,1993,8,1,175,1.9,0,0.00,1,0.51,1,0.51,0,0.00,0,0,1,0,0,0.00,1,0.51,1,0.51,0,0.00,0.51
130,Maxime Estève,fr FRA,DF,Burnley,23-356,2002,33,33,2851,31.7,0,0.00,0,0.00,0,0.00,0,0.00,0,0,1,0,0,0.00,0,0.00,0,0.00,0,0.00,0.00
131,Evanilson,br BRA,FW,Bournemouth,26-223,1999,34,30,2582,28.7,6,0.21,1,0.03,7,0.24,6,0.21,0,0,2,0,6,0.21,1,0.03,7,0.24,6,0.21,0.24
132,Eberechi Eze,eng ENG,"MF,FW",Arsenal,27-322,1998,30,20,1724,19.2,7,0.37,2,0.10,9,0.47,7,0.37,0,0,1,0,7,0.37,2,0.10,9,0.47,7,0.37,0.47
133,Bruno Fernandes,pt POR,MF,Manchester Utd,31-251,1994,33,33,2883,32.0,8,0.25,19,0.59,27,0.84,4,0.12,4,6,5,0,8,0.25,19,0.59,27,0.84,4,0.12,0.72
134,Mateus Fernandes,pt POR,MF,West Ham United,21-311,2004,34,33,2836,31.5,3,0.10,3,0.10,6,0.19,3,0.10,0,0,7,0,3,0.10,3,0.10,6,0.19,3,0.10,0.19
135,Enzo Fernández,ar ARG,MF,Chelsea,25-120,2001,34,33,2935,32.6,9,0.28,3,0.09,12,0.37,7,0.21,2,2,9,0,9,0.28,3,0.09,12,0.37,7,0.21,0.31
136,Zian Flemming,nl NED,FW,Burnley,27-289,1998,27,19,1595,17.7,10,0.56,0,0.00,10,0.56,8,0.45,2,2,4,0,10,0.56,0,0.00,10,0.56,8,0.45,0.45
137,Jack Fletcher,eng ENG,MF,Manchester Utd,19-059,2007,3,0,108,1.2,0,0.00,0,0.00,0,0.00,0,0.00,0,0,0,0,0,0.00,0,0.00,0,0.00,0,0.00,0.00
138,Phil Foden,eng ENG,MF,Manchester City,25-354,2000,31,22,1961,21.8,7,0.32,5,0.23,12,0.55,7,0.32,0,0,4,0,7,0.32,5,0.23,12,0.55,7,0.32,0.55
139,Wesley Fofana,fr FRA,DF,Chelsea,25-151,2000,23,18,1581,17.6,0,0.00,1,0.06,1,0.06,0,0.00,0,0,7,1,0,0.00,1,0.06,1,0.06,0,0.00,0.06
140,Lyle Foster,za RSA,"FW,MF",Burnley,25-256,2000,26,15,1371,15.2,3,0.20,2,0.13,5,0.33,3,0.20,0,0,4,0,3,0.20,2,0.13,5,0.33,3,0.20,0.33
141,Jeremie Frimpong,nl NED,"DF,MF",Liverpool,25-158,2000,20,12,1023,11.4,0,0.00,1,0.09,1,0.09,0,0.00,0,0,1,0,0,0.00,1,0.09,1,0.09,0,0.00,0.09
142,Niclas Füllkrug,de GER,FW,West Ham United,33-097,1993,8,5,409,4.5,0,0.00,0,0.00,0,0.00,0,0.00,0,0,0,0,0,0.00,0,0.00,0,0.00,0,0.00,0.00
143,Cody Gakpo,nl NED,"MF,FW",Liverpool,27-010,1999,35,31,2647,29.4,7,0.24,5,0.17,12,0.41,7,0.24,0,0,3,0,7,0.24,5,0.17,12,0.41,7,0.24,0.41
144,Conor Gallagher,eng ENG,MF,Tottenham Hotspur,26-100,2000,14,12,1013,11.3,1,0.09,1,0.09,2,0.18,1,0.09,0,0,2,0,1,0.09,1,0.09,2,0.18,1,0.09,0.18
145,Idrissa Gana Gueye,sn SEN,MF,Everton,36-233,1989,25,25,2093,23.3,2,0.09,3,0.13,5,0.22,2,0.09,0,0,1,1,2,0.09,3,0.13,5,0.22,2,0.09,0.22
146,Alejandro Garnacho,ar ARG,MF,Chelsea,21-320,2004,23,14,1266,14.1,1,0.07,4,0.28,5,0.36,1,0.07,0,0,2,0,1,0.07,4,0.28,5,0.36,1,0.07,0.36
147,James Garner,eng ENG,"MF,DF",Everton,25-065,2001,36,36,3233,35.9,2,0.06,7,0.19,9,0.25,2,0.06,0,0,11,0,2,0.06,7,0.19,9,0.25,2,0.06,0.25
148,Lutsharel Geertruida,nl NED,"DF,MF",Sunderland,25-303,2000,26,15,1513,16.8,0,0.00,0,0.00,0,0.00,0,0.00,0,0,1,0,0,0.00,0,0.00,0,0.00,0,0.00,0.00
149,Tyrique George,eng ENG,FW,Chelsea,20-102,2006,4,0,145,1.6,0,0.00,0,0.00,0,0.00,0,0.00,0,0,2,0,0,0.00,0,0.00,0,0.00,0,0.00,0.00
150,Tyrique George,eng ENG,MF,Everton,20-102,2006,9,1,171,1.9,0,0.00,0,0.00,0,0.00,0,0.00,0,0,0,0,0,0.00,0,0.00,0,0.00,0,0.00,0.00
151,Morgan Gibbs-White,eng ENG,MF,Nottingham Forest,26-110,2000,35,33,2917,32.4,13,0.40,4,0.12,17,0.52,12,0.37,1,1,1,0,13,0.40,4,0.12,17,0.52,12,0.37,0.49
152,Jamie Gittens,eng ENG,MF,Chelsea,21-282,2004,16,5,495,5.5,0,0.00,2,0.36,2,0.36,0,0.00,0,0,0,0,0,0.00,2,0.36,2,0.36,0,0.00,0.36
153,Wilfried Gnonto,it ITA,FW,Leeds United,22-193,2003,21,4,484,5.4,0,0.00,1,0.19,1,0.19,0,0.00,0,0,3,0,0,0.00,1,0.19,1,0.19,0,0.00,0.19
154,Angel Gomes,eng ENG,"MF,FW",Wolves,25-259,2000,11,6,396,4.4,0,0.00,0,0.00,0,0.00,0,0.00,0,0,1,0,0,0.00,0,0.00,0,0.00,0,0.00,0.00
155,João Gomes,br BRA,MF,Wolves,25-094,2001,34,31,2739,30.4,1,0.03,1,0.03,2,0.07,1,0.03,0,0,10,0,1,0.03,1,0.03,2,0.07,1,0.03,0.07
156,Rodrigo Gomes,pt POR,"MF,FW",Wolves,22-314,2003,20,7,795,8.8,3,0.34,0,0.00,3,0.34,3,0.34,0,0,0,0,3,0.34,0,0.00,3,0.34,3,0.34,0.34
157,Toti Gomes,pt POR,DF,Wolves,27-121,1999,18,17,1399,15.5,0,0.00,0,0.00,0,0.00,0,0.00,0,0,2,1,0,0.00,0,0.00,0,0.00,0,0.00,0.00
158,Diego Gómez,py PAR,"MF,FW",Brighton,23-051,2003,30,25,2036,22.6,5,0.22,1,0.04,6,0.27,5,0.22,0,0,9,0,5,0.22,1,0.04,6,0.27,5,0.22,0.27
159,Joe Gomez,eng ENG,DF,Liverpool,28-359,1997,20,7,605,6.7,0,0.00,2,0.30,2,0.30,0,0.00,0,0,4,0,0,0.00,2,0.30,2,0.30,0,0.00,0.30
160,Nicolás González,es ESP,MF,Manchester City,24-134,2002,24,16,1479,16.4,1,0.06,0,0.00,1,0.06,1,0.06,0,0,6,0,1,0.06,0,0.00,1,0.06,1,0.06,0.06
161,Anthony Gordon,eng ENG,FW,Newcastle United,25-082,2001,26,24,1795,19.9,6,0.30,2,0.10,8,0.40,3,0.15,3,3,3,1,6,0.30,2,0.10,8,0.40,3,0.15,0.25
162,Ryan Gravenberch,nl NED,MF,Liverpool,24-001,2002,35,33,2910,32.3,5,0.15,3,0.09,8,0.25,5,0.15,0,0,5,0,5,0.15,3,0.09,8,0.25,5,0.15,0.25
163,Archie Gray,eng ENG,"MF,DF",Tottenham Hotspur,20-066,2006,23,18,1469,16.3,2,0.12,2,0.12,4,0.25,2,0.12,0,0,5,0,2,0.12,2,0.12,4,0.25,2,0.12,0.25
164,Jack Grealish,eng ENG,MF,Everton,30-249,1995,20,18,1627,18.1,2,0.11,6,0.33,8,0.44,2,0.11,0,0,5,1,2,0.11,6,0.33,8,0.44,2,0.11,0.44
165,Pascal Groß,de GER,MF,Brighton,34-336,1991,17,16,1456,16.2,1,0.06,3,0.19,4,0.25,1,0.06,0,0,2,0,1,0.06,3,0.19,4,0.25,1,0.06,0.25
166,Brajan Gruda,de GER,MF,Brighton,21-351,2004,18,8,719,8.0,1,0.13,1,0.13,2,0.25,1,0.13,0,0,2,0,1,0.13,1,0.13,2,0.25,1,0.13,0.25
167,Ilia Gruev,bg BUL,MF,Leeds United,26-011,2000,23,15,1323,14.7,0,0.00,3,0.20,3,0.20,0,0.00,0,0,3,0,0,0.00,3,0.20,3,0.20,0,0.00,0.20
168,Gabriel Gudmundsson,se SWE,"DF,MF",Leeds United,27-018,1999,32,31,2631,29.2,0,0.00,0,0.00,0,0.00,0,0.00,0,0,6,1,0,0.00,0,0.00,0,0.00,0,0.00,0.00
169,Marc Guéhi,eng ENG,DF,Crystal Palace,25-308,2000,20,20,1800,20.0,2,0.10,2,0.10,4,0.20,2,0.10,0,0,4,0,2,0.10,2,0.10,4,0.20,2,0.10,0.20
170,Marc Guéhi,eng ENG,DF,Manchester City,25-308,2000,14,14,1260,14.0,1,0.07,1,0.07,2,0.14,1,0.07,0,0,2,0,1,0.07,1,0.07,2,0.14,1,0.07,0.14
171,Evann Guessand,ci CIV,MF,Aston Villa,24-320,2001,13,6,588,6.5,0,0.00,1,0.15,1,0.15,0,0.00,0,0,0,0,0,0.00,1,0.15,1,0.15,0,0.00,0.15
172,Evann Guessand,ci CIV,MF,Crystal Palace,24-320,2001,6,3,300,3.3,1,0.30,1,0.30,2,0.60,1,0.30,0,0,0,0,1,0.30,1,0.30,2,0.60,1,0.30,0.60
173,Luis Guilherme,br BRA,FW,West Ham United,20-097,2006,5,1,125,1.4,0,0.00,0,0.00,0,0.00,0,0.00,0,0,0,0,0,0.00,0,0.00,0,0.00,0,0.00,0.00
174,Bruno Guimarães,br BRA,MF,Newcastle United,28-182,1997,27,25,2298,25.5,9,0.35,5,0.20,14,0.55,7,0.27,2,2,5,0,9,0.35,5,0.20,14,0.55,7,0.27,0.47
175,Marc Guiu,es ESP,FW,Chelsea,20-133,2006,8,1,257,2.9,0,0.00,1,0.35,1,0.35,0,0.00,0,0,1,0,0,0.00,1,0.35,1,0.35,0,0.00,0.35
176,Malo Gusto,fr FRA,DF,Chelsea,22-363,2003,33,25,2177,24.2,2,0.08,3,0.12,5,0.21,2,0.08,0,0,5,1,2,0.08,3,0.12,5,0.21,2,0.08,0.21
177,Joško Gvardiol,hr CRO,DF,Manchester City,24-114,2002,17,16,1359,15.1,2,0.13,2,0.13,4,0.26,2,0.13,0,0,2,0,2,0.13,2,0.13,4,0.26,2,0.13,0.26
178,Viktor Gyökeres,se SWE,FW,Arsenal,27-347,1998,34,26,2198,24.4,14,0.57,1,0.04,15,0.61,11,0.45,3,3,5,0,14,0.57,1,0.04,15,0.61,11,0.45,0.49
179,Erling Haaland,no NOR,FW,Manchester City,25-300,2000,34,33,2863,31.8,26,0.82,8,0.25,34,1.07,23,0.72,3,4,2,0,26,0.82,8,0.25,34,1.07,23,0.72,0.97
180,Lewis Hall,eng ENG,DF,Newcastle United,21-251,2004,28,22,2001,22.2,1,0.04,1,0.04,2,0.09,1,0.04,0,0,3,0,1,0.04,1,0.04,2,0.09,1,0.04,0.09
181,Jack Harrison,eng ENG,FW,Leeds United,29-178,1996,11,1,269,3.0,0,0.00,0,0.00,0,0.00,0,0.00,0,0,0,0,0,0.00,0,0.00,0,0.00,0,0.00,0.00
182,Quilindschy Hartman,nl NED,DF,Burnley,24-184,2001,21,21,1825,20.3,0,0.00,5,0.25,5,0.25,0,0.00,0,0,1,0,0,0.00,5,0.25,5,0.25,0,0.00,0.25
183,Jorrel Hato,nl NED,DF,Chelsea,20-071,2006,20,10,1007,11.2,0,0.00,0,0.00,0,0.00,0,0.00,0,0,6,0,0,0.00,0,0.00,0,0.00,0,0.00,0.00
184,Kai Havertz,de GER,"MF,FW",Arsenal,26-340,1999,10,6,464,5.2,1,0.19,2,0.39,3,0.58,1,0.19,0,0,0,0,1,0.19,2,0.39,3,0.58,1,0.19,0.58
185,Ayden Heaven,eng ENG,DF,Manchester Utd,19-237,2006,17,11,924,10.3,0,0.00,1,0.10,1,0.10,0,0.00,0,0,2,0,0,0.00,1,0.10,1,0.10,0,0.00,0.10
186,Jan Paul van Hecke,nl NED,DF,Brighton,25-343,2000,34,34,3030,33.7,3,0.09,3,0.09,6,0.18,3,0.09,0,0,9,0,3,0.09,3,0.09,6,0.18,3,0.09,0.18
187,Hwang Hee-chan,kr KOR,"FW,MF",Wolves,30-111,1996,24,16,1278,14.2,2,0.14,1,0.07,3,0.21,1,0.07,1,1,4,0,2,0.14,1,0.07,3,0.21,1,0.07,0.14
188,Dean Henderson,eng ENG,GK,Crystal Palace,29-066,1997,35,35,3150,35.0,0,0.00,0,0.00,0,0.00,0,0.00,0,0,4,0,0,0.00,0,0.00,0,0.00,0,0.00,0.00
189,Jordan Henderson,eng ENG,MF,Brentford,35-334,1990,30,21,1832,20.4,1,0.05,3,0.15,4,0.20,1,0.05,0,0,5,0,1,0.05,3,0.15,4,0.20,1,0.05,0.20
190,Rico Henry,jm JAM,DF,Brentford,28-313,1997,25,14,1328,14.8,0,0.00,1,0.07,1,0.07,0,0.00,0,0,2,0,0,0.00,1,0.07,1,0.07,0,0.00,0.07
191,Mads Hermansen,dk DEN,GK,West Ham United,25-310,2000,16,16,1440,16.0,0,0.00,0,0.00,0,0.00,0,0.00,0,0,0,0,0,0.00,0,0.00,0,0.00,0,0.00,0.00
192,Aaron Hickey,sct SCO,"DF,MF",Brentford,23-341,2002,20,8,659,7.3,0,0.00,0,0.00,0,0.00,0,0.00,0,0,1,0,0,0.00,0,0.00,0,0.00,0,0.00,0.00
193,James Hill,eng ENG,DF,Bournemouth,24-127,2002,27,20,1926,21.4,0,0.00,3,0.14,3,0.14,0,0.00,0,0,3,0,0,0.00,3,0.14,3,0.14,0,0.00,0.14
194,Piero Hincapié,ec ECU,DF,Arsenal,24-128,2002,23,19,1683,18.7,1,0.05,2,0.11,3,0.16,1,0.05,0,0,2,0,1,0.05,2,0.11,3,0.16,1,0.05,0.16
195,Jack Hinshelwood,eng ENG,MF,Brighton,21-036,2005,25,18,1587,17.6,4,0.23,3,0.17,7,0.40,4,0.23,0,0,0,0,4,0.23,3,0.17,7,0.40,4,0.23,0.40
196,Ki-Jana Hoever,nl NED,"MF,DF",Wolves,24-119,2002,8,6,425,4.7,0,0.00,0,0.00,0,0.00,0,0.00,0,0,0,0,0,0.00,0,0.00,0,0.00,0,0.00,0.00
197,Harry Howell,eng ENG,MF,Brighton,18-027,2008,3,1,94,1.0,0,0.00,0,0.00,0,0.00,0,0.00,0,0,0,0,0,0.00,0,0.00,0,0.00,0,0.00,0.00
198,Callum Hudson-Odoi,eng ENG,MF,Nottingham Forest,25-191,2000,30,21,1841,20.5,3,0.15,4,0.20,7,0.34,3,0.15,0,0,0,0,3,0.15,4,0.20,7,0.34,3,0.15,0.34
199,Will Hughes,eng ENG,MF,Crystal Palace,31-030,1995,30,18,1481,16.5,0,0.00,0,0.00,0,0.00,0,0.00,0,0,7,0,0,0.00,0,0.00,0,0.00,0,0.00,0.00
200,Trai Hume,nir NIR,"DF,MF",Sunderland,24-060,2002,36,32,2887,32.1,1,0.03,1,0.03,2,0.06,1,0.03,0,0,9,0,1,0.03,1,0.03,2,0.06,1,0.03,0.06
201,Bashir Humphreys,eng ENG,"DF,MF",Burnley,23-063,2003,18,16,1479,16.4,0,0.00,0,0.00,0,0.00,0,0.00,0,0,6,0,0,0.00,0,0.00,0,0.00,0,0.00,0.00
202,Omari Hutchinson,eng ENG,MF,Nottingham Forest,22-199,2003,29,15,1542,17.1,1,0.06,4,0.23,5,0.29,1,0.06,0,0,1,0,1,0.06,4,0.23,5,0.29,1,0.06,0.29
203,Igor,br BRA,DF,West Ham United,28-099,1998,4,1,105,1.2,0,0.00,0,0.00,0,0.00,0,0.00,0,0,0,0,0,0.00,0,0.00,0,0.00,0,0.00,0.00
204,Tim Iroegbunam,eng ENG,MF,Everton,22-321,2003,27,15,1332,14.8,0,0.00,2,0.14,2,0.14,0,0.00,0,0,8,0,0,0.00,2,0.14,2,0.14,0,0.00,0.14
205,Andy Irving,sct SCO,MF,West Ham United,26-004,2000,7,2,158,1.8,0,0.00,0,0.00,0,0.00,0,0.00,0,0,0,0,0,0.00,0,0.00,0,0.00,0,0.00,0.00
206,Alexander Isak,se SWE,FW,Liverpool,26-238,1999,14,8,699,7.8,3,0.39,1,0.13,4,0.52,3,0.39,0,0,0,0,3,0.39,1,0.13,4,0.52,3,0.39,0.52
207,Wilson Isidor,ht HAI,FW,Sunderland,25-263,2000,30,11,1121,12.5,5,0.40,0,0.00,5,0.40,5,0.40,0,0,1,0,5,0.40,0,0.00,5,0.40,5,0.40,0.40
208,Alex Iwobi,ng NGA,MF,Fulham,30-014,1996,27,27,2263,25.1,4,0.16,3,0.12,7,0.28,4,0.16,0,0,3,0,4,0.16,3,0.12,7,0.28,4,0.16,0.28
209,Daniel James,wls WAL,"FW,MF",Leeds United,28-188,1997,17,5,479,5.3,0,0.00,0,0.00,0,0.00,0,0.00,0,0,0,0,0,0.00,0,0.00,0,0.00,0,0.00,0.00
210,Reece James,eng ENG,"DF,MF",Chelsea,26-160,1999,28,20,1924,21.4,2,0.09,4,0.19,6,0.28,2,0.09,0,0,4,0,2,0.09,4,0.19,6,0.28,2,0.09,0.28
211,Vitaly Janelt,de GER,MF,Brentford,28-007,1998,23,13,1292,14.4,1,0.07,4,0.28,5,0.35,1,0.07,0,0,7,0,1,0.07,4,0.28,5,0.35,1,0.07,0.35
212,Mathias Jensen,dk DEN,MF,Brentford,30-136,1996,34,24,2103,23.4,3,0.13,1,0.04,4,0.17,3,0.13,0,0,3,0,3,0.13,1,0.04,4,0.17,3,0.13,0.17
213,Gabriel Jesus,br BRA,FW,Arsenal,29-044,1997,13,2,355,3.9,2,0.51,0,0.00,2,0.51,2,0.51,0,0,2,0,2,0.51,0,0.00,2,0.51,2,0.51,0.51
214,Igor Jesus,br BRA,FW,Nottingham Forest,25-081,2001,35,26,2125,23.6,6,0.25,4,0.17,10,0.42,5,0.21,1,1,2,0,6,0.25,4,0.17,10,0.42,5,0.21,0.38
215,Álex Jiménez,es ESP,"DF,MF",Bournemouth,21-009,2005,31,26,2317,25.7,1,0.04,0,0.00,1,0.04,1,0.04,0,0,10,0,1,0.04,0,0.00,1,0.04,1,0.04,0.04
216,Raúl Jiménez,mx MEX,FW,Fulham,35-012,1991,34,27,2146,23.8,9,0.38,3,0.13,12,0.50,5,0.21,4,4,5,0,9,0.38,3,0.13,12,0.50,5,0.21,0.34
217,João Pedro,br BRA,"FW,MF",Chelsea,24-233,2001,34,30,2571,28.6,15,0.53,5,0.18,20,0.70,15,0.53,0,0,4,0,15,0.53,5,0.18,20,0.70,15,0.53,0.70
218,Joelinton,br BRA,MF,Newcastle United,29-276,1996,27,23,1951,21.7,2,0.09,1,0.05,3,0.14,2,0.09,0,0,10,0,2,0.09,1,0.05,3,0.14,2,0.09,0.14
219,John,br BRA,GK,Nottingham Forest,30-093,1996,5,5,437,4.9,0,0.00,0,0.00,0,0.00,0,0.00,0,0,1,0,0,0.00,0,0.00,0,0.00,0,0.00,0.00
220,Brennan Johnson,wls WAL,"MF,FW",Tottenham Hotspur,24-359,2001,16,6,610,6.8,2,0.30,0,0.00,2,0.30,2,0.30,0,0,2,0,2,0.30,0,0.00,2,0.30,2,0.30,0.30
221,Brennan Johnson,wls WAL,"MF,FW",Crystal Palace,24-359,2001,17,13,1067,11.9,0,0.00,1,0.08,1,0.08,0,0.00,0,0,4,0,0,0.00,1,0.08,1,0.08,0,0.00,0.08
222,Sam Johnstone,eng ENG,GK,Wolves,33-053,1993,12,12,1080,12.0,0,0.00,0,0.00,0,0.00,0,0.00,0,0,0,0,0,0.00,0,0.00,0,0.00,0,0.00,0.00
223,Curtis Jones,eng ENG,"MF,DF",Liverpool,25-107,2001,33,17,1847,20.5,0,0.00,2,0.10,2,0.10,0,0.00,0,0,2,0,0,0.00,2,0.10,2,0.10,0,0.00,0.10
224,Eli Junior Kroupi,fr FRA,"MF,FW",Bournemouth,19-328,2006,31,19,1525,16.9,12,0.71,0,0.00,12,0.71,10,0.59,2,2,5,0,12,0.71,0,0.00,12,0.71,10,0.59,0.59
225,James Justin,eng ENG,"DF,MF",Leeds United,28-083,1998,27,19,1721,19.1,2,0.10,1,0.05,3,0.16,2,0.10,0,0,4,0,2,0.10,1,0.05,3,0.16,2,0.10,0.16
226,Filip Jørgensen,dk DEN,GK,Chelsea,24-031,2002,5,3,379,4.2,0,0.00,0,0.00,0,0.00,0,0.00,0,0,0,0,0,0.00,0,0.00,0,0.00,0,0.00,0.00
227,Ferdi Kadioglu,tr TUR,"DF,MF",Brighton,26-222,1999,35,32,2953,32.8,1,0.03,0,0.00,1,0.03,1,0.03,0,0,6,0,1,0.03,0,0.00,1,0.03,1,0.03,0.03
228,Arnaud Kalimuendo,fr FRA,FW,Nottingham Forest,24-117,2002,9,0,96,1.1,0,0.00,0,0.00,0,0.00,0,0.00,0,0,0,0,0,0.00,0,0.00,0,0.00,0,0.00,0.00
229,Daichi Kamada,jp JPN,MF,Crystal Palace,29-285,1996,26,20,1767,19.6,0,0.00,0,0.00,0,0.00,0,0.00,0,0,3,0,0,0.00,0,0.00,0,0.00,0,0.00,0.00
230,Boubacar Kamara,fr FRA,MF,Aston Villa,26-175,1999,18,17,1411,15.7,1,0.06,3,0.19,4,0.26,1,0.06,0,0,5,0,1,0.06,3,0.19,4,0.26,1,0.06,0.26
231,Michael Kayode,it ITA,DF,Brentford,21-311,2004,35,35,3078,34.2,1,0.03,1,0.03,2,0.06,1,0.03,0,0,7,0,1,0.03,1,0.03,2,0.06,1,0.03,0.06
232,Michael Keane,eng ENG,DF,Everton,33-126,1993,31,27,2411,26.8,3,0.11,0,0.00,3,0.11,3,0.11,0,0,1,1,3,0.11,0,0.00,3,0.11,3,0.11,0.11
233,Caoimhín Kelleher,ie IRL,GK,Brentford,27-175,1998,35,35,3150,35.0,0,0.00,0,0.00,0,0.00,0,0.00,0,0,1,0,0,0.00,0,0.00,0,0.00,0,0.00,0.00
234,Milos Kerkez,hu HUN,DF,Liverpool,22-191,2003,33,27,2249,25.0,2,0.08,1,0.04,3,0.12,2,0.08,0,0,4,0,2,0.08,1,0.04,3,0.12,2,0.08,0.12
235,Kevin,br BRA,MF,Fulham,23-133,2003,24,8,937,10.4,1,0.10,1,0.10,2,0.19,1,0.10,0,0,1,0,1,0.10,1,0.10,2,0.19,1,0.10,0.19
236,Abdukodir Khusanov,uz UZB,DF,Manchester City,22-077,2004,20,14,1342,14.9,0,0.00,0,0.00,0,0.00,0,0.00,0,0,2,0,0,0.00,0,0.00,0,0.00,0,0.00,0.00
237,Max Kilman,eng ENG,DF,West Ham United,28-359,1997,21,17,1561,17.3,0,0.00,0,0.00,0,0.00,0,0.00,0,0,4,0,0,0.00,0,0.00,0,0.00,0,0.00,0.00
238,Joshua King,eng ENG,MF,Fulham,19-134,2007,30,15,1265,14.1,1,0.07,2,0.14,3,0.21,1,0.07,0,0,4,0,1,0.07,2,0.14,3,0.21,1,0.07,0.21
239,Antonín Kinský,cz CZE,GK,Tottenham Hotspur,23-065,2003,5,5,450,5.0,0,0.00,0,0.00,0,0.00,0,0.00,0,0,0,0,0,0.00,0,0.00,0,0.00,0,0.00,0.00
240,Justin Kluivert,nl NED,MF,Bournemouth,27-012,1999,18,10,919,10.2,2,0.20,0,0.00,2,0.20,2,0.20,0,0,4,0,2,0.20,0,0.00,2,0.20,2,0.20,0.20
241,Randal Kolo Muani,fr FRA,"FW,MF",Tottenham Hotspur,27-163,1998,28,20,1578,17.5,1,0.06,1,0.06,2,0.11,1,0.06,0,0,3,0,1,0.06,1,0.06,2,0.11,1,0.06,0.11
242,Ibrahima Konaté,fr FRA,DF,Liverpool,26-357,1999,35,35,3002,33.4,1,0.03,0,0.00,1,0.03,1,0.03,0,0,6,0,1,0.03,0,0.00,1,0.03,1,0.03,0.03
243,Ezri Konsa,eng ENG,DF,Aston Villa,28-206,1997,34,34,3035,33.7,0,0.00,0,0.00,0,0.00,0,0.00,0,0,0,1,0,0.00,0,0.00,0,0.00,0,0.00,0.00
244,Charalampos Kostoulas,gr GRE,FW,Brighton,18-352,2007,19,2,328,3.6,2,0.55,1,0.27,3,0.82,2,0.55,0,0,2,0,2,0.55,1,0.27,3,0.82,2,0.55,0.82
245,Ladislav Krejčí,cz CZE,"DF,MF",Wolves,27-027,1999,26,25,2201,24.5,2,0.08,1,0.04,3,0.12,2,0.08,0,0,5,1,2,0.08,1,0.04,3,0.12,2,0.08,0.12
246,Mohammed Kudus,gh GHA,"MF,FW",Tottenham Hotspur,25-288,2000,19,19,1535,17.1,2,0.12,5,0.29,7,0.41,2,0.12,0,0,3,0,2,0.12,5,0.29,7,0.41,2,0.12,0.41
247,Maxence Lacroix,fr FRA,DF,Crystal Palace,26-041,2000,34,34,3025,33.6,1,0.03,2,0.06,3,0.09,1,0.03,0,0,4,1,1,0.03,2,0.06,3,0.09,1,0.03,0.09
248,Senne Lammens,be BEL,GK,Manchester Utd,23-314,2002,30,30,2700,30.0,0,0.00,0,0.00,0,0.00,0,0.00,0,0,0,0,0,0.00,0,0.00,0,0.00,0,0.00,0.00
249,Josh Laurent,eng ENG,"DF,MF",Burnley,31-011,1995,32,18,1744,19.4,1,0.05,0,0.00,1,0.05,1,0.05,0,0,7,1,1,0.05,0,0.00,1,0.05,1,0.05,0.05
250,Roméo Lavia,be BEL,MF,Chelsea,22-131,2004,12,4,382,4.2,0,0.00,0,0.00,0,0.00,0,0.00,0,0,0,0,0,0.00,0,0.00,0,0.00,0,0.00,0.00
251,Enzo Le Fée,fr FRA,"MF,FW",Sunderland,26-103,2000,34,31,2751,30.6,4,0.13,5,0.16,9,0.29,1,0.03,3,4,5,0,4,0.13,5,0.16,9,0.29,1,0.03,0.20
252,Bernd Leno,de GER,GK,Fulham,34-074,1992,36,36,3240,36.0,0,0.00,0,0.00,0,0.00,0,0.00,0,0,3,0,0,0.00,0,0.00,0,0.00,0,0.00,0.00
253,Jefferson Lerma,co COL,"MF,DF",Crystal Palace,31-204,1994,29,17,1626,18.1,0,0.00,2,0.11,2,0.11,0,0.00,0,0,6,0,0,0.00,2,0.11,2,0.11,0,0.00,0.11
254,Rico Lewis,eng ENG,DF,Manchester City,21-177,2004,10,3,317,3.5,0,0.00,1,0.28,1,0.28,0,0.00,0,0,1,0,0,0.00,1,0.28,1,0.28,0,0.00,0.28
255,Keane Lewis-Potter,eng ENG,"DF,MF",Brentford,25-084,2001,34,20,1794,19.9,3,0.15,3,0.15,6,0.30,3,0.15,0,0,1,0,3,0.15,3,0.15,6,0.30,3,0.15,0.30
256,Myles Lewis-Skelly,eng ENG,"MF,DF",Arsenal,19-233,2006,18,4,601,6.7,0,0.00,0,0.00,0,0.00,0,0.00,0,0,3,0,0,0.00,0,0.00,0,0.00,0,0.00,0.00
257,Matthijs de Ligt,nl NED,DF,Manchester Utd,26-278,1999,13,13,1170,13.0,1,0.08,0,0.00,1,0.08,1,0.08,0,0,0,0,1,0.08,0,0.00,1,0.08,1,0.08,0.08
258,Pedro Lima,br BRA,MF,Wolves,19-320,2006,7,3,245,2.7,0,0.00,0,0.00,0,0.00,0,0.00,0,0,0,0,0,0.00,0,0.00,0,0.00,0,0.00,0.00
259,Victor Lindelöf,se SWE,"DF,MF",Aston Villa,31-304,1994,16,10,876,9.7,0,0.00,1,0.10,1,0.10,0,0.00,0,0,0,0,0,0.00,1,0.10,1,0.10,0,0.00,0.10
260,Valentino Livramento,eng ENG,DF,Newcastle United,23-186,2002,17,14,1328,14.8,0,0.00,1,0.07,1,0.07,0,0.00,0,0,1,0,0,0.00,1,0.07,1,0.07,0,0.00,0.07
261,Sean Longstaff,eng ENG,MF,Leeds United,28-199,1997,22,10,980,10.9,2,0.18,2,0.18,4,0.37,2,0.18,0,0,2,0,2,0.18,2,0.18,4,0.37,2,0.18,0.37
262,Fer López,es ESP,MF,Wolves,21-358,2004,9,2,235,2.6,0,0.00,1,0.38,1,0.38,0,0.00,0,0,1,0,0,0.00,1,0.38,1,0.38,0,0.00,0.38
263,Lucas,br BRA,"MF,DF",Burnley,25-054,2001,18,13,1229,13.7,0,0.00,0,0.00,0,0.00,0,0.00,0,0,0,1,0,0.00,0,0.00,0,0.00,0,0.00,0.00
264,Lorenzo Lucca,it ITA,FW,Nottingham Forest,25-249,2000,4,1,129,1.4,1,0.70,0,0.00,1,0.70,1,0.70,0,0,0,0,1,0.70,0,0.00,1,0.70,1,0.70,0.70
265,Florentino Luís,pt POR,MF,Burnley,26-271,1999,29,23,1938,21.5,0,0.00,2,0.09,2,0.09,0,0.00,0,0,6,0,0,0.00,2,0.09,2,0.09,0,0.00,0.09
266,Douglas Luiz,br BRA,MF,Aston Villa,28-008,1998,12,6,532,5.9,1,0.17,0,0.00,1,0.17,1,0.17,0,0,1,0,1,0.17,0,0.00,1,0.17,1,0.17,0.17
267,Douglas Luiz,br BRA,MF,Nottingham Forest,28-008,1998,8,5,315,3.5,0,0.00,0,0.00,0,0.00,0,0.00,0,0,2,0,0,0.00,0,0.00,0,0.00,0,0.00,0.00
268,Saša Lukić,rs SRB,MF,Fulham,29-277,1996,25,19,1644,18.3,1,0.05,2,0.11,3,0.16,1,0.05,0,0,9,0,1,0.05,2,0.11,3,0.16,1,0.05,0.16
269,Ian Maatsen,nl NED,DF,Aston Villa,24-068,2002,29,16,1515,16.8,0,0.00,1,0.06,1,0.06,0,0.00,0,0,2,0,0,0.00,1,0.06,1,0.06,0,0.00,0.06
270,Alexis Mac Allister,ar ARG,MF,Liverpool,27-144,1998,36,30,2568,28.5,2,0.07,4,0.14,6,0.21,2,0.07,0,0,6,0,2,0.07,4,0.14,6,0.21,2,0.07,0.21
271,Noni Madueke,eng ENG,"FW,MF",Arsenal,24-068,2002,25,15,1129,12.5,2,0.16,1,0.08,3,0.24,2,0.16,0,0,0,0,2,0.16,1,0.08,3,0.24,2,0.16,0.24
272,Gabriel Magalhães,br BRA,DF,Arsenal,28-149,1997,30,29,2616,29.1,3,0.10,4,0.14,7,0.24,3,0.10,0,0,4,0,3,0.10,4,0.14,7,0.24,3,0.10,0.24
273,Soungoutou Magassa,fr FRA,MF,West Ham United,22-221,2003,22,11,981,10.9,1,0.09,0,0.00,1,0.09,1,0.09,0,0,4,0,1,0.09,0,0.00,1,0.09,1,0.09,0.09
274,Harry Maguire,eng ENG,DF,Manchester Utd,33-073,1993,21,17,1473,16.4,1,0.06,2,0.12,3,0.18,1,0.06,0,0,3,1,1,0.06,2,0.12,3,0.18,1,0.06,0.18
275,Kobbie Mainoo,eng ENG,MF,Manchester Utd,21-028,2005,26,14,1482,16.5,1,0.06,2,0.12,3,0.18,1,0.06,0,0,1,0,1,0.06,2,0.12,3,0.18,1,0.06,0.18
276,Donyell Malen,nl NED,"FW,MF",Aston Villa,27-128,1999,21,5,656,7.3,4,0.55,1,0.14,5,0.69,4,0.55,0,0,0,0,4,0.55,1,0.14,5,0.69,4,0.55,0.69
277,Giorgi Mamardashvili,ge GEO,GK,Liverpool,25-230,2000,10,10,867,9.6,0,0.00,0,0.00,0,0.00,0,0.00,0,0,0,0,0,0.00,0,0.00,0,0.00,0,0.00,0.00
278,Reinildo Mandava,mz MOZ,DF,Sunderland,32-116,1994,23,21,1786,19.8,0,0.00,1,0.05,1,0.05,0,0.00,0,0,7,1,0,0.00,1,0.05,1,0.05,0,0.00,0.05
279,Mateus Mane,pt POR,MF,Wolves,18-243,2007,25,17,1615,17.9,2,0.11,1,0.06,3,0.17,2,0.11,0,0,0,0,2,0.11,1,0.06,3,0.17,2,0.11,0.17
280,Omar Marmoush,eg EGY,"FW,MF",Manchester City,27-099,1999,20,8,685,7.6,3,0.39,3,0.39,6,0.79,3,0.39,0,0,3,0,3,0.39,3,0.39,6,0.79,3,0.39,0.79
281,Gabriel Martinelli,br BRA,"FW,MF",Arsenal,24-333,2001,28,10,990,11.0,1,0.09,3,0.27,4,0.36,1,0.09,0,0,3,0,1,0.09,3,0.27,4,0.36,1,0.09,0.36
282,Emiliano Martínez,ar ARG,GK,Aston Villa,33-257,1992,32,32,2835,31.5,0,0.00,1,0.03,1,0.03,0,0.00,0,0,2,0,0,0.00,1,0.03,1,0.03,0,0.00,0.03
283,Lisandro Martínez,ar ARG,DF,Manchester Utd,28-119,1998,16,11,1053,11.7,0,0.00,0,0.00,0,0.00,0,0.00,0,0,0,1,0,0.00,0,0.00,0,0.00,0,0.00,0.00
284,Arthur Masuaku,cd COD,DF,Sunderland,32-191,1993,3,2,126,1.4,0,0.00,0,0.00,0,0.00,0,0.00,0,0,1,0,0,0.00,0,0.00,0,0.00,0,0.00,0.00
285,Pape Matar Sarr,sn SEN,MF,Tottenham Hotspur,23-245,2002,24,13,1357,15.1,2,0.13,3,0.20,5,0.33,2,0.13,0,0,2,0,2,0.13,3,0.20,5,0.33,2,0.13,0.33
286,Jean-Philippe Mateta,fr FRA,FW,Crystal Palace,28-323,1997,30,25,2174,24.2,11,0.46,0,0.00,11,0.46,7,0.29,4,4,2,0,11,0.46,0,0.00,11,0.46,7,0.29,0.29
287,Konstantinos Mavropanos,gr GRE,DF,West Ham United,28-157,1997,29,25,2354,26.2,3,0.11,0,0.00,3,0.11,3,0.11,0,0,2,0,3,0.11,0,0.00,3,0.11,3,0.11,0.11
288,Eliezer Mayenda,es ESP,"FW,MF",Sunderland,21-009,2005,20,8,759,8.4,2,0.24,0,0.00,2,0.24,2,0.24,0,0,0,0,2,0.24,0,0.00,2,0.24,2,0.24,0.24
289,Ezra Mayers,bb BRB,DF,West Ham United,19-121,2007,6,0,117,1.3,0,0.00,0,0.00,0,0.00,0,0.00,0,0,0,0,0,0.00,0,0.00,0,0.00,0,0.00,0.00
290,Noussair Mazraoui,ma MAR,"DF,MF",Manchester Utd,28-184,1997,19,10,912,10.1,0,0.00,0,0.00,0,0.00,0,0.00,0,0,3,0,0,0.00,0,0.00,0,0.00,0,0.00,0.00
291,Bryan Mbeumo,cm CMR,"MF,FW",Manchester Utd,26-283,1999,31,29,2457,27.3,9,0.33,3,0.11,12,0.44,9,0.33,0,0,4,0,9,0.33,3,0.11,12,0.44,9,0.33,0.44
292,James Mcatee,eng ENG,MF,Nottingham Forest,23-211,2002,12,2,278,3.1,0,0.00,1,0.32,1,0.32,0,0.00,0,0,1,0,0,0.00,1,0.32,1,0.32,0,0.00,0.32
293,John McGinn,sct SCO,MF,Aston Villa,31-211,1994,29,28,2132,23.7,5,0.21,4,0.17,9,0.38,5,0.21,0,0,5,0,5,0.21,4,0.17,9,0.38,5,0.21,0.38
294,Dwight McNeil,eng ENG,MF,Everton,26-176,1999,21,14,1165,12.9,0,0.00,1,0.08,1,0.08,0,0.00,0,0,1,0,0,0.00,1,0.08,1,0.08,0,0.00,0.08
295,Hannibal Mejbri,tn TUN,MF,Burnley,23-116,2003,25,13,1095,12.2,1,0.08,4,0.33,5,0.41,1,0.08,0,0,8,0,1,0.08,4,0.33,5,0.41,1,0.08,0.41
296,Mikel Merino,es ESP,"MF,FW",Arsenal,29-329,1996,21,10,1007,11.2,4,0.36,3,0.27,7,0.63,4,0.36,0,0,1,0,4,0.36,3,0.27,7,0.63,4,0.36,0.63
297,Nikola Milenković,rs SRB,DF,Nottingham Forest,28-217,1997,36,35,3195,35.5,0,0.00,0,0.00,0,0.00,0,0.00,0,0,6,0,0,0.00,0,0.00,0,0.00,0,0.00,0.00
298,Lewis Miley,eng ENG,"MF,DF",Newcastle United,20-016,2006,23,15,1496,16.6,1,0.06,4,0.24,5,0.30,1,0.06,0,0,0,0,1,0.06,4,0.24,5,0.30,1,0.06,0.30
299,James Milner,eng ENG,MF,Brighton,40-133,1986,19,6,726,8.1,1,0.12,1,0.12,2,0.25,0,0.00,1,1,2,0,1,0.12,1,0.12,2,0.25,0,0.00,0.12
300,Veljko Milosavljević,rs SRB,DF,Bournemouth,18-323,2007,7,4,368,4.1,0,0.00,0,0.00,0,0.00,0,0.00,0,0,0,0,0,0.00,0,0.00,0,0.00,0,0.00,0.00
301,Tyrone Mings,eng ENG,DF,Aston Villa,33-065,1993,16,14,1234,13.7,0,0.00,0,0.00,0,0.00,0,0.00,0,0,1,0,0,0.00,0,0.00,0,0.00,0,0.00,0.00
302,Yankuba Minteh,gm GAM,MF,Brighton,21-299,2004,32,25,2257,25.1,3,0.12,4,0.16,7,0.28,3,0.12,0,0,3,0,3,0.12,4,0.16,7,0.28,3,0.12,0.28
303,Tyrick Mitchell,eng ENG,MF,Crystal Palace,26-258,1999,36,35,3116,34.6,1,0.03,2,0.06,3,0.09,1,0.03,0,0,6,0,1,0.03,2,0.06,3,0.09,1,0.03,0.09
304,Kaoru Mitoma,jp JPN,"MF,FW",Brighton,28-362,1997,25,19,1721,19.1,3,0.16,1,0.05,4,0.21,3,0.16,0,0,5,0,3,0.16,1,0.05,4,0.21,3,0.16,0.21
305,Morato,br BRA,DF,Nottingham Forest,24-321,2001,19,12,1165,12.9,0,0.00,0,0.00,0,0.00,0,0.00,0,0,5,0,0,0.00,0,0.00,0,0.00,0,0.00,0.00
306,Cristhian Mosquera,es ESP,DF,Arsenal,21-324,2004,18,7,814,9.0,0,0.00,0,0.00,0,0.00,0,0.00,0,0,4,0,0,0.00,0,0.00,0,0.00,0,0.00,0.00
307,Yerson Mosquera,co COL,DF,Wolves,25-015,2001,25,22,1956,21.7,0,0.00,0,0.00,0,0.00,0,0.00,0,0,11,0,0,0.00,0,0.00,0,0.00,0,0.00,0.00
308,Mason Mount,eng ENG,MF,Manchester Utd,27-127,1999,21,11,934,10.4,3,0.29,0,0.00,3,0.29,3,0.29,0,0,2,0,3,0.29,0,0.00,3,0.29,3,0.29,0.29
309,Nordi Mukiele,fr FRA,DF,Sunderland,28-197,1997,30,30,2604,28.9,3,0.10,3,0.10,6,0.21,3,0.10,0,0,5,0,3,0.10,3,0.10,6,0.21,3,0.10,0.21
310,Romaine Mundle,eng ENG,MF,Sunderland,23-023,2003,14,2,411,4.6,0,0.00,0,0.00,0,0.00,0,0.00,0,0,1,0,0,0.00,0,0.00,0,0.00,0,0.00,0.00
311,Marshall Munetsi,zw ZIM,"MF,FW",Wolves,29-329,1996,13,9,875,9.7,1,0.10,1,0.10,2,0.21,1,0.10,0,0,2,0,1,0.10,1,0.10,2,0.21,1,0.10,0.21
312,Rodrigo Muniz,br BRA,FW,Fulham,25-013,2001,19,8,863,9.6,1,0.10,1,0.10,2,0.21,1,0.10,0,0,2,0,1,0.10,1,0.10,2,0.21,1,0.10,0.21
313,Daniel Muñoz,co COL,MF,Crystal Palace,29-356,1996,27,27,2264,25.2,4,0.16,2,0.08,6,0.24,4,0.16,0,0,7,0,4,0.16,2,0.08,6,0.24,4,0.16,0.24
314,Murillo,br BRA,DF,Nottingham Forest,23-317,2002,25,25,2130,23.7,1,0.04,0,0.00,1,0.04,1,0.04,0,0,5,0,1,0.04,0,0.00,1,0.04,1,0.04,0.04
315,Jacob Murphy,eng ENG,"FW,MF",Newcastle United,31-082,1995,31,18,1556,17.3,3,0.17,2,0.12,5,0.29,3,0.17,0,0,2,0,3,0.17,2,0.12,5,0.29,3,0.17,0.29
316,Vitaliy Mykolenko,ua UKR,DF,Everton,26-353,1999,31,31,2778,30.9,0,0.00,1,0.03,1,0.03,0,0.00,0,0,6,0,0,0.00,1,0.03,1,0.03,0,0.00,0.03
317,David Møller Wolfe,no NOR,"MF,DF",Wolves,24-024,2002,20,9,892,9.9,0,0.00,2,0.20,2,0.20,0,0.00,0,0,1,0,0,0.00,2,0.20,2,0.20,0,0.00,0.20
318,Iliman Ndiaye,sn SEN,MF,Everton,26-072,2000,30,30,2598,28.9,6,0.21,3,0.10,9,0.31,4,0.14,2,2,2,0,6,0.21,3,0.10,9,0.31,4,0.14,0.24
319,Dan Ndoye,ch SUI,MF,Nottingham Forest,25-204,2000,24,14,1173,13.0,1,0.08,1,0.08,2,0.15,1,0.08,0,0,1,0,1,0.08,1,0.08,2,0.15,1,0.08,0.15
320,Reiss Nelson,eng ENG,"FW,MF",Brentford,26-158,1999,9,0,124,1.4,0,0.00,1,0.73,1,0.73,0,0.00,0,0,0,0,0,0.00,1,0.73,1,0.73,0,0.00,0.73
321,Pedro Neto,pt POR,MF,Chelsea,26-069,2000,32,28,2479,27.5,5,0.18,4,0.15,9,0.33,5,0.18,0,0,4,1,5,0.18,4,0.15,9,0.33,5,0.18,0.33
322,Luca Netz,de GER,"MF,DF",Nottingham Forest,23-002,2003,5,2,246,2.7,0,0.00,0,0.00,0,0.00,0,0.00,0,0,0,0,0,0.00,0,0.00,0,0.00,0,0.00,0.00
323,Rio Ngumoha,eng ENG,MF,Liverpool,17-261,2008,18,4,488,5.4,2,0.37,1,0.18,3,0.55,2,0.37,0,0,0,0,2,0.37,1,0.18,3,0.55,2,0.37,0.55
324,Eddie Nketiah,eng ENG,MF,Crystal Palace,26-352,1999,12,2,424,4.7,2,0.42,0,0.00,2,0.42,2,0.42,0,0,2,0,2,0.42,0,0.00,2,0.42,2,0.42,0.42
325,Lukas Nmecha,de GER,FW,Leeds United,27-154,1998,29,9,962,10.7,6,0.56,1,0.09,7,0.65,4,0.37,2,3,0,0,6,0.56,1,0.09,7,0.65,4,0.37,0.47
326,Matheus Nunes,pt POR,DF,Manchester City,27-263,1998,33,31,2772,30.8,1,0.03,5,0.16,6,0.19,1,0.03,0,0,5,0,1,0.03,5,0.16,6,0.19,1,0.03,0.19
327,Ethan Nwaneri,eng ENG,MF,Arsenal,19-057,2007,6,0,171,1.9,0,0.00,0,0.00,0,0.00,0,0.00,0,0,0,0,0,0.00,0,0.00,0,0.00,0,0.00,0.00
328,Jake O'Brien,ie IRL,DF,Everton,25-002,2001,35,33,2972,33.0,1,0.03,1,0.03,2,0.06,1,0.03,0,0,4,1,1,0.03,1,0.03,2,0.06,1,0.03,0.06
329,Luke O'Nien,eng ENG,DF,Sunderland,31-177,1994,10,4,411,4.6,0,0.00,0,0.00,0,0.00,0,0.00,0,0,1,1,0,0.00,0,0.00,0,0.00,0,0.00,0.00
330,Matt O'Riley,dk DEN,MF,Brighton,25-177,2000,6,2,204,2.3,1,0.44,0,0.00,1,0.44,0,0.00,1,1,0,0,1,0.44,0,0.00,1,0.44,0,0.00,0.00
331,Wilson Odobert,fr FRA,"MF,FW",Tottenham Hotspur,21-170,2004,24,10,985,10.9,0,0.00,2,0.18,2,0.18,0,0.00,0,0,0,0,0,0.00,2,0.18,2,0.18,0,0.00,0.18
332,Noah Okafor,ch SUI,"FW,MF",Leeds United,25-358,2000,28,19,1561,17.3,8,0.46,1,0.06,9,0.52,8,0.46,0,0,3,0,8,0.46,1,0.06,9,0.52,8,0.46,0.52
333,Amadou Onana,be BEL,MF,Aston Villa,24-274,2001,24,21,1740,19.3,2,0.10,0,0.00,2,0.10,2,0.10,0,0,3,0,2,0.10,0,0.00,2,0.10,2,0.10,0.10
334,Frank Onyeka,ng NGA,MF,Brentford,28-136,1998,6,0,92,1.0,0,0.00,1,0.98,1,0.98,0,0.00,0,0,0,0,0,0.00,1,0.98,1,0.98,0,0.00,0.98
335,Stefan Ortega,de GER,GK,Nottingham Forest,33-192,1992,3,3,270,3.0,0,0.00,0,0.00,0,0.00,0,0.00,0,0,0,0,0,0.00,0,0.00,0,0.00,0,0.00,0.00
336,William Osula,dk DEN,FW,Newcastle United,22-286,2003,22,6,670,7.4,5,0.67,0,0.00,5,0.67,5,0.67,0,0,0,0,5,0.67,0,0.00,5,0.67,5,0.67,0.67
337,Dango Ouattara,bf BFA,MF,Brentford,24-095,2002,30,23,2096,23.3,5,0.21,3,0.13,8,0.34,5,0.21,0,0,5,0,5,0.21,3,0.13,8,0.34,5,0.21,0.34
338,Nico O’Reilly,eng ENG,"DF,MF",Manchester City,21-057,2005,33,28,2556,28.4,5,0.18,3,0.11,8,0.28,5,0.18,0,0,5,0,5,0.18,3,0.11,8,0.28,5,0.18,0.28
339,Pablo,br BRA,"MF,FW",West Ham United,22-135,2004,12,9,750,8.3,0,0.00,1,0.12,1,0.12,0,0.00,0,0,0,0,0,0.00,1,0.12,1,0.12,0,0.00,0.12
340,João Palhinha,pt POR,MF,Tottenham Hotspur,30-312,1995,31,21,2041,22.7,4,0.18,2,0.09,6,0.26,4,0.18,0,0,7,0,4,0.18,2,0.09,6,0.26,4,0.18,0.26
341,Cole Palmer,eng ENG,MF,Chelsea,24-011,2002,24,22,1777,19.7,9,0.46,1,0.05,10,0.51,4,0.20,5,6,4,0,9,0.46,1,0.05,10,0.51,4,0.20,0.25
342,Lucas Paquetá,br BRA,"MF,FW",West Ham United,28-263,1997,18,18,1511,16.8,4,0.24,1,0.06,5,0.30,2,0.12,2,2,7,1,4,0.24,1,0.06,5,0.30,2,0.12,0.18
343,Nathan Patterson,sct SCO,DF,Everton,24-213,2001,7,3,241,2.7,0,0.00,0,0.00,0,0.00,0,0.00,0,0,0,0,0,0.00,0,0.00,0,0.00,0,0.00,0.00
344,Lucas Perri,br BRA,GK,Leeds United,28-158,1997,16,16,1440,16.0,0,0.00,0,0.00,0,0.00,0,0.00,0,0,2,0,0,0.00,0,0.00,0,0.00,0,0.00,0.00
345,Đorđe Petrović,rs SRB,GK,Bournemouth,26-221,1999,36,36,3240,36.0,0,0.00,0,0.00,0,0.00,0,0.00,0,0,3,0,0,0.00,0,0.00,0,0.00,0,0.00,0.00
346,Jordan Pickford,eng ENG,GK,Everton,32-071,1994,36,36,3240,36.0,0,0.00,0,0.00,0,0.00,0,0.00,0,0,4,0,0,0.00,0,0.00,0,0.00,0,0.00,0.00
347,Ethan Pinnock,jm JAM,DF,Brentford,32-353,1993,4,4,318,3.5,0,0.00,0,0.00,0,0.00,0,0.00,0,0,1,0,0,0.00,0,0.00,0,0.00,0,0.00,0.00
348,Yeremi Pino,es ESP,"MF,FW",Crystal Palace,23-209,2002,32,25,1990,22.1,2,0.09,1,0.05,3,0.14,2,0.09,0,0,4,0,2,0.09,1,0.05,3,0.14,2,0.09,0.14
349,Joël Piroe,sr SUR,FW,Leeds United,26-288,1999,14,2,228,2.5,0,0.00,0,0.00,0,0.00,0,0.00,0,0,0,0,0,0.00,0,0.00,0,0.00,0,0.00,0.00
350,Nick Pope,eng ENG,GK,Newcastle United,34-028,1992,25,25,2236,24.8,0,0.00,0,0.00,0,0.00,0,0.00,0,0,2,0,0,0.00,0,0.00,0,0.00,0,0.00,0.00
351,Pedro Porro,es ESP,DF,Tottenham Hotspur,26-246,1999,32,30,2616,29.1,1,0.03,2,0.07,3,0.10,1,0.03,0,0,9,0,1,0.03,2,0.07,3,0.10,1,0.03,0.10
352,Freddie Potts,eng ENG,MF,West Ham United,22-247,2003,22,12,1171,13.0,0,0.00,1,0.08,1,0.08,0,0.00,0,0,1,0,0,0.00,1,0.08,1,0.08,0,0.00,0.08
353,Aaron Ramsdale,eng ENG,GK,Newcastle United,28-003,1998,12,11,1004,11.2,0,0.00,0,0.00,0,0.00,0,0.00,0,0,2,0,0,0.00,0,0.00,0,0.00,0,0.00,0.00
354,Jacob Ramsey,eng ENG,MF,Newcastle United,24-354,2001,26,13,1270,14.1,2,0.14,2,0.14,4,0.28,2,0.14,0,0,5,1,2,0.14,2,0.14,4,0.28,2,0.14,0.28
355,David Raya,es ESP,GK,Arsenal,30-244,1995,36,36,3240,36.0,0,0.00,0,0.00,0,0.00,0,0.00,0,0,1,0,0,0.00,0,0.00,0,0.00,0,0.00,0.00
356,Rayan,br BRA,MF,Bournemouth,19-287,2006,13,11,956,10.6,5,0.47,2,0.19,7,0.66,5,0.47,0,0,1,0,5,0.47,2,0.19,7,0.66,5,0.47,0.66
357,Harrison Reed,eng ENG,MF,Fulham,31-110,1995,7,1,94,1.0,1,0.96,0,0.00,1,0.96,1,0.96,0,0,0,0,1,0.96,0,0.00,1,0.96,1,0.96,0.96
358,Tijjani Reijnders,nl NED,MF,Manchester City,27-292,1998,27,18,1555,17.3,5,0.29,2,0.12,7,0.41,5,0.29,0,0,2,0,5,0.29,2,0.12,7,0.41,5,0.29,0.41
359,Chadi Riad,ma MAR,DF,Crystal Palace,22-334,2003,7,4,389,4.3,0,0.00,1,0.23,1,0.23,0,0.00,0,0,2,0,0,0.00,1,0.23,1,0.23,0,0.00,0.23
360,Declan Rice,eng ENG,MF,Arsenal,27-123,1999,35,34,3004,33.4,4,0.12,5,0.15,9,0.27,4,0.12,0,0,3,0,4,0.12,5,0.15,9,0.27,4,0.12,0.27
361,Chris Richards,us USA,DF,Crystal Palace,26-050,2000,32,31,2797,31.1,1,0.03,0,0.00,1,0.03,1,0.03,0,0,3,0,1,0.03,0,0.00,1,0.03,1,0.03,0.03
362,Richarlison,br BRA,"FW,MF",Tottenham Hotspur,29-007,1997,30,18,1802,20.0,10,0.50,4,0.20,14,0.70,10,0.50,0,0,5,0,10,0.50,4,0.20,14,0.70,10,0.50,0.70
363,Chris Rigg,eng ENG,MF,Sunderland,18-333,2007,16,11,746,8.3,1,0.12,0,0.00,1,0.12,1,0.12,0,0,1,0,1,0.12,0,0.00,1,0.12,1,0.12,0.12
364,Andrew Robertson,sct SCO,DF,Liverpool,32-067,1994,23,10,1094,12.2,1,0.08,0,0.00,1,0.08,1,0.08,0,0,0,0,1,0.08,0,0.00,1,0.08,1,0.08,0.08
365,Antonee Robinson,us USA,"DF,MF",Fulham,28-282,1997,20,15,1312,14.6,0,0.00,0,0.00,0,0.00,0,0.00,0,0,4,0,0,0.00,0,0.00,0,0.00,0,0.00,0.00
366,Joe Rodon,wls WAL,DF,Leeds United,28-207,1997,33,31,2771,30.8,2,0.06,0,0.00,2,0.06,2,0.06,0,0,3,0,2,0.06,0,0.00,2,0.06,2,0.06,0.06
367,Rodri,es ESP,MF,Manchester City,29-329,1996,20,16,1421,15.8,1,0.06,0,0.00,1,0.06,1,0.06,0,0,2,0,1,0.06,0,0.00,1,0.06,1,0.06,0.06
368,Guido Rodríguez,ar ARG,MF,West Ham United,32-035,1994,6,2,180,2.0,0,0.00,0,0.00,0,0.00,0,0.00,0,0,1,0,0,0.00,0,0.00,0,0.00,0,0.00,0.00
369,Robin Roefs,nl NED,GK,Sunderland,23-120,2003,33,33,2970,33.0,0,0.00,0,0.00,0,0.00,0,0.00,0,0,4,0,0,0.00,0,0.00,0,0.00,0,0.00,0.00
370,Morgan Rogers,eng ENG,MF,Aston Villa,23-295,2002,37,37,3280,36.4,10,0.27,6,0.16,16,0.44,10,0.27,0,0,7,0,10,0.27,6,0.16,16,0.44,10,0.27,0.44
371,Merlin Röhl,de GER,MF,Everton,23-316,2002,14,4,534,5.9,0,0.00,0,0.00,0,0.00,0,0.00,0,0,0,0,0,0.00,0,0.00,0,0.00,0,0.00,0.00
372,Cristian Romero,ar ARG,DF,Tottenham Hotspur,28-020,1998,23,22,1868,20.8,4,0.19,1,0.05,5,0.24,4,0.19,0,0,11,2,4,0.19,1,0.05,5,0.24,4,0.19,0.24
373,Georginio Rutter,fr FRA,"MF,FW",Brighton,24-027,2002,30,20,1743,19.4,3,0.15,3,0.15,6,0.31,3,0.15,0,0,2,0,3,0.15,3,0.15,6,0.31,3,0.15,0.31
374,José Sá,pt POR,GK,Wolves,33-120,1993,21,21,1890,21.0,0,0.00,0,0.00,0,0.00,0,0.00,0,0,2,0,0,0.00,0,0.00,0,0.00,0,0.00,0.00
375,Noah Sadiki,cd COD,MF,Sunderland,21-151,2004,31,31,2723,30.3,0,0.00,1,0.03,1,0.03,0,0.00,0,0,8,0,0,0.00,1,0.03,1,0.03,0,0.00,0.03
376,Bukayo Saka,eng ENG,"FW,MF",Arsenal,24-254,2001,30,24,2132,23.7,7,0.30,4,0.17,11,0.46,6,0.25,1,1,2,0,7,0.30,4,0.17,11,0.46,6,0.25,0.42
377,Mohamed Salah,eg EGY,MF,Liverpool,33-336,1992,26,22,2073,23.0,7,0.30,6,0.26,13,0.56,6,0.26,1,1,1,0,7,0.30,6,0.26,13,0.56,6,0.26,0.52
378,William Saliba,fr FRA,DF,Arsenal,25-054,2001,30,29,2524,28.0,1,0.04,0,0.00,1,0.04,1,0.04,0,0,2,0,1,0.04,0,0.00,1,0.04,1,0.04,0.04
379,Robert Sánchez,es ESP,GK,Chelsea,28-180,1997,33,33,2859,31.8,0,0.00,1,0.03,1,0.03,0,0.00,0,0,3,1,0,0.00,1,0.03,1,0.03,0,0.00,0.03
380,Jadon Sancho,eng ENG,MF,Aston Villa,26-053,2000,23,9,876,9.7,0,0.00,2,0.21,2,0.21,0,0.00,0,0,0,0,0,0.00,2,0.21,2,0.21,0,0.00,0.21
381,Ibrahim Sangaré,ci CIV,MF,Nottingham Forest,28-166,1997,26,24,1990,22.1,2,0.09,2,0.09,4,0.18,2,0.09,0,0,5,0,2,0.09,2,0.09,4,0.18,2,0.09,0.18
382,Andrey Santos,br BRA,MF,Chelsea,22-014,2004,26,12,1170,13.0,0,0.00,0,0.00,0,0.00,0,0.00,0,0,4,0,0,0.00,0,0.00,0,0.00,0,0.00,0.00
383,Ismaila Sarr,sn SEN,MF,Crystal Palace,28-081,1998,26,22,2040,22.7,8,0.35,1,0.04,9,0.40,6,0.26,2,2,2,0,8,0.35,1,0.04,9,0.40,6,0.26,0.31
384,Mamadou Sarr,sn SEN,DF,Chelsea,20-261,2005,2,1,92,1.0,0,0.00,0,0.00,0,0.00,0,0.00,0,0,0,0,0,0.00,0,0.00,0,0.00,0,0.00,0.00
385,Sávio,br BRA,MF,Manchester City,22-037,2004,22,6,708,7.9,1,0.13,1,0.13,2,0.25,1,0.13,0,0,2,0,1,0.13,1,0.13,2,0.25,1,0.13,0.25
386,Nicolò Savona,it ITA,DF,Nottingham Forest,23-059,2003,14,11,1028,11.4,2,0.18,0,0.00,2,0.18,2,0.18,0,0,2,0,2,0.18,0,0.00,2,0.18,2,0.18,0.18
387,Oliver Scarles,eng ENG,"DF,MF",West Ham United,20-156,2005,13,9,659,7.3,0,0.00,0,0.00,0,0.00,0,0.00,0,0,2,0,0,0.00,0,0.00,0,0.00,0,0.00,0.00
388,Kevin Schade,de GER,"MF,FW",Brentford,24-171,2001,33,31,2627,29.2,7,0.24,3,0.10,10,0.34,7,0.24,0,1,6,1,7,0.24,3,0.10,10,0.34,7,0.24,0.34
389,Fabian Schär,ch SUI,DF,Newcastle United,34-148,1991,16,11,1091,12.1,0,0.00,0,0.00,0,0.00,0,0.00,0,0,1,0,0,0.00,0,0.00,0,0.00,0,0.00,0.00
390,Alex Scott,eng ENG,MF,Bournemouth,22-269,2003,36,33,2759,30.7,3,0.10,1,0.03,4,0.13,3,0.10,0,0,5,0,3,0.10,1,0.03,4,0.13,3,0.10,0.13
391,Jenson Seelt,nl NED,DF,Sunderland,22-359,2003,2,1,134,1.5,0,0.00,0,0.00,0,0.00,0,0.00,0,0,0,0,0,0.00,0,0.00,0,0.00,0,0.00,0.00
392,Matz Sels,be BEL,GK,Nottingham Forest,34-080,1992,29,28,2488,27.6,0,0.00,0,0.00,0,0.00,0,0.00,0,0,2,0,0,0.00,0,0.00,0,0.00,0,0.00,0.00
393,Antoine Semenyo,gh GHA,"MF,FW",Manchester City,26-130,2000,15,15,1285,14.3,6,0.42,1,0.07,7,0.49,6,0.42,0,0,1,0,6,0.42,1,0.07,7,0.49,6,0.42,0.49
394,Antoine Semenyo,gh GHA,MF,Bournemouth,26-130,2000,20,20,1798,20.0,10,0.50,3,0.15,13,0.65,9,0.45,1,2,6,0,10,0.50,3,0.15,13,0.65,9,0.45,0.60
395,Marcos Senesi,ar ARG,DF,Bournemouth,29-007,1997,35,35,3108,34.5,0,0.00,5,0.14,5,0.14,0,0.00,0,0,8,0,0,0.00,5,0.14,5,0.14,0,0.00,0.14
396,Benjamin Šeško,si SVN,FW,Manchester Utd,22-351,2003,30,17,1643,18.3,11,0.60,1,0.05,12,0.66,11,0.60,0,0,2,0,11,0.60,1,0.05,12,0.66,11,0.60,0.66
397,Ryan Sessegnon,eng ENG,"DF,MF",Fulham,25-364,2000,27,20,1823,20.3,3,0.15,1,0.05,4,0.20,3,0.15,0,0,0,0,3,0.15,1,0.05,4,0.20,3,0.15,0.20
398,Luke Shaw,eng ENG,DF,Manchester Utd,30-309,1995,36,36,3048,33.9,0,0.00,1,0.03,1,0.03,0,0.00,0,0,8,0,0,0.00,1,0.03,1,0.03,0,0.00,0.03
399,Bernardo Silva,pt POR,MF,Manchester City,31-280,1994,36,32,2759,30.7,2,0.07,4,0.13,6,0.20,2,0.07,0,0,10,0,2,0.07,4,0.13,6,0.20,2,0.07,0.20
400,Xavi Simons,nl NED,"MF,FW",Tottenham Hotspur,23-026,2003,28,19,1755,19.5,2,0.10,5,0.26,7,0.36,2,0.10,0,0,5,1,2,0.10,5,0.26,7,0.36,2,0.10,0.36
401,Adam Smith,eng ENG,DF,Bournemouth,35-018,1991,20,12,899,10.0,0,0.00,2,0.20,2,0.20,0,0.00,0,0,3,0,0,0.00,2,0.20,2,0.20,0,0.00,0.20
402,Emile Smith Rowe,eng ENG,MF,Fulham,25-293,2000,35,20,1774,19.7,3,0.15,0,0.00,3,0.15,3,0.15,0,0,1,0,3,0.15,0,0.00,3,0.15,3,0.15,0.15
403,Dominic Solanke,eng ENG,FW,Tottenham Hotspur,28-245,1997,15,11,1001,11.1,3,0.27,0,0.00,3,0.27,3,0.27,0,0,1,0,3,0.27,0,0.00,3,0.27,3,0.27,0.27
404,Oliver Sonne,pe PER,DF,Burnley,25-188,2000,7,1,169,1.9,1,0.53,0,0.00,1,0.53,1,0.53,0,0,0,0,1,0.53,0,0.00,1,0.53,1,0.53,0.53
405,Borna Sosa,hr CRO,"DF,MF",Crystal Palace,28-116,1998,7,0,101,1.1,0,0.00,0,0.00,0,0.00,0,0.00,0,0,1,0,0,0.00,0,0.00,0,0.00,0,0.00,0.00
406,Tomáš Souček,cz CZE,MF,West Ham United,31-079,1995,33,22,2048,22.8,5,0.22,0,0.00,5,0.22,5,0.22,0,0,2,1,5,0.22,0,0.00,5,0.22,5,0.22,0.22
407,Souza,br BRA,MF,Tottenham Hotspur,19-335,2006,4,2,144,1.6,0,0.00,0,0.00,0,0.00,0,0.00,0,0,1,0,0,0.00,0,0.00,0,0.00,0,0.00,0.00
408,Djed Spence,eng ENG,"DF,MF",Tottenham Hotspur,25-281,2000,28,22,1943,21.6,0,0.00,0,0.00,0,0.00,0,0.00,0,0,4,0,0,0.00,0,0.00,0,0.00,0,0.00,0.00
409,Anton Stach,de GER,MF,Leeds United,27-183,1998,28,27,2297,25.5,5,0.20,3,0.12,8,0.31,5,0.20,0,0,3,0,5,0.20,3,0.12,8,0.31,5,0.20,0.31
410,John Stones,eng ENG,DF,Manchester City,31-354,1994,8,4,362,4.0,0,0.00,0,0.00,0,0.00,0,0.00,0,0,0,0,0,0.00,0,0.00,0,0.00,0,0.00,0.00
411,Jørgen Strand Larsen,no NOR,FW,Wolves,26-100,2000,22,14,1404,15.6,1,0.06,1,0.06,2,0.13,0,0.00,1,2,2,0,1,0.06,1,0.06,2,0.13,0,0.00,0.06
412,Jørgen Strand Larsen,no NOR,FW,Crystal Palace,26-100,2000,12,10,767,8.5,3,0.35,0,0.00,3,0.35,3,0.35,0,0,2,0,3,0.35,0,0.00,3,0.35,3,0.35,0.35
413,Pascal Struijk,nl NED,DF,Leeds United,26-279,1999,33,32,2846,31.6,0,0.00,1,0.03,1,0.03,0,0.00,0,0,5,0,0,0.00,1,0.03,1,0.03,0,0.00,0.03
414,Crysencio Summerville,nl NED,"MF,FW",West Ham United,24-199,2001,29,27,2290,25.4,5,0.20,1,0.04,6,0.24,5,0.20,0,0,6,0,5,0.20,1,0.04,6,0.24,5,0.20,0.24
415,Dominik Szoboszlai,hu HUN,"MF,DF",Liverpool,25-204,2000,35,35,3141,34.9,6,0.17,7,0.20,13,0.37,6,0.17,0,1,8,1,6,0.17,7,0.20,13,0.37,6,0.17,0.37
416,Chemsdine Talbi,ma MAR,"MF,FW",Sunderland,21-008,2005,27,16,1530,17.0,4,0.24,1,0.06,5,0.29,4,0.24,0,0,0,0,4,0.24,1,0.06,5,0.29,4,0.24,0.29
417,Ao Tanaka,jp JPN,MF,Leeds United,27-249,1998,26,12,1179,13.1,2,0.15,0,0.00,2,0.15,2,0.15,0,0,1,0,2,0.15,0,0.00,2,0.15,2,0.15,0.15
418,James Tarkowski,eng ENG,DF,Everton,33-179,1992,35,35,3150,35.0,2,0.06,3,0.09,5,0.14,2,0.06,0,0,7,0,2,0.06,3,0.09,5,0.14,2,0.06,0.14
419,Marcus Tavernier,eng ENG,MF,Bournemouth,27-056,1999,32,29,2552,28.4,6,0.21,4,0.14,10,0.35,4,0.14,2,2,6,0,6,0.21,4,0.14,10,0.35,4,0.14,0.28
420,Loum Tchaouna,fr FRA,"MF,FW",Burnley,22-251,2003,27,12,1117,12.4,2,0.16,0,0.00,2,0.16,2,0.16,0,0,2,0,2,0.16,0,0.00,2,0.16,2,0.16,0.16
421,Jackson Tchatchoua,cm CMR,"MF,DF",Wolves,24-245,2001,31,19,1845,20.5,0,0.00,1,0.05,1,0.05,0,0.00,0,0,3,0,0,0.00,1,0.05,1,0.05,0,0.00,0.05
422,Mathys Tel,fr FRA,"MF,FW",Tottenham Hotspur,21-020,2005,29,11,1187,13.2,4,0.30,1,0.08,5,0.38,4,0.30,0,0,1,0,4,0.30,1,0.08,5,0.38,4,0.30,0.38
423,Kenny Tete,nl NED,DF,Fulham,30-220,1995,22,21,1791,19.9,1,0.05,0,0.00,1,0.05,1,0.05,0,0,2,0,1,0.05,0,0.00,1,0.05,1,0.05,0.05
424,Igor Thiago,br BRA,FW,Brentford,24-325,2001,36,35,3102,34.5,22,0.64,1,0.03,23,0.67,14,0.41,8,9,7,0,22,0.64,1,0.03,23,0.67,14,0.41,0.44
425,Malick Thiaw,de GER,DF,Newcastle United,24-282,2001,33,31,2785,30.9,4,0.13,0,0.00,4,0.13,4,0.13,0,0,4,0,4,0.13,0,0.00,4,0.13,4,0.13,0.13
426,Youri Tielemans,be BEL,MF,Aston Villa,29-010,1997,24,21,1844,20.5,0,0.00,4,0.20,4,0.20,0,0.00,0,0,0,0,0,0.00,4,0.20,4,0.20,0,0.00,0.20
427,Jurriën Timber,nl NED,DF,Arsenal,24-334,2001,30,28,2454,27.3,3,0.11,5,0.18,8,0.29,3,0.11,0,0,5,0,3,0.11,5,0.18,8,0.29,3,0.11,0.29
428,Jean-Clair Todibo,fr FRA,DF,West Ham United,26-138,1999,22,21,1789,19.9,0,0.00,1,0.05,1,0.05,0,0.00,0,0,5,1,0,0.00,1,0.05,1,0.05,0,0.00,0.05
429,Sandro Tonali,it ITA,MF,Newcastle United,26-009,2000,34,30,2482,27.6,0,0.00,2,0.07,2,0.07,0,0.00,0,0,4,0,0,0.00,2,0.07,2,0.07,0,0.00,0.07
430,Pau Torres,es ESP,DF,Aston Villa,29-121,1997,20,18,1658,18.4,0,0.00,0,0.00,0,0.00,0,0.00,0,0,1,0,0,0.00,0,0.00,0,0.00,0,0.00,0.00
431,James Trafford,eng ENG,GK,Manchester City,23-219,2002,3,3,270,3.0,0,0.00,0,0.00,0,0.00,0,0.00,0,0,0,0,0,0.00,0,0.00,0,0.00,0,0.00,0.00
432,Adama Traoré,es ESP,"FW,MF",West Ham United,30-112,1996,9,0,121,1.3,0,0.00,0,0.00,0,0.00,0,0.00,0,0,1,0,0,0.00,0,0.00,0,0.00,0,0.00,0.00
433,Adama Traoré,es ESP,MF,Fulham,30-112,1996,15,1,274,3.0,0,0.00,0,0.00,0,0.00,0,0.00,0,0,0,0,0,0.00,0,0.00,0,0.00,0,0.00,0.00
434,Bertrand Traoré,bf BFA,"MF,FW",Sunderland,30-253,1995,12,9,632,7.0,1,0.14,0,0.00,1,0.14,1,0.14,0,0,1,0,1,0.14,0,0.00,1,0.14,1,0.14,0.14
435,Kieran Trippier,eng ENG,DF,Newcastle United,35-240,1990,20,17,1502,16.7,0,0.00,1,0.06,1,0.06,0,0.00,0,0,3,0,0,0.00,1,0.06,1,0.06,0,0.00,0.06
436,Leandro Trossard,be BEL,"FW,MF",Arsenal,31-164,1994,30,20,1911,21.2,6,0.28,6,0.28,12,0.57,6,0.28,0,0,2,0,6,0.28,6,0.28,12,0.57,6,0.28,0.57
437,Adrien Truffert,fr FRA,DF,Bournemouth,24-178,2001,36,36,3199,35.5,1,0.03,3,0.08,4,0.11,1,0.03,0,0,4,0,1,0.03,3,0.08,4,0.11,1,0.03,0.11
438,Axel Tuanzebe,cd COD,DF,Burnley,28-184,1997,12,12,1021,11.3,1,0.09,0,0.00,1,0.09,1,0.09,0,0,1,0,1,0.09,0,0.00,1,0.09,1,0.09,0.09
439,Stefanos Tzimas,gr GRE,FW,Brighton,20-131,2006,9,1,139,1.5,1,0.65,1,0.65,2,1.29,1,0.65,0,0,0,0,1,0.65,1,0.65,2,1.29,1,0.65,1.29
440,Christantus Uche,ng NGA,FW,Crystal Palace,22-363,2003,14,0,173,1.9,0,0.00,0,0.00,0,0.00,0,0.00,0,0,0,0,0,0.00,0,0.00,0,0.00,0,0.00,0.00
441,Destiny Udogie,it ITA,"DF,MF",Tottenham Hotspur,23-170,2002,18,12,1182,13.1,0,0.00,1,0.08,1,0.08,0,0.00,0,0,3,0,0,0.00,1,0.08,1,0.08,0,0.00,0.08
442,Manuel Ugarte,uy URU,MF,Manchester Utd,25-036,2001,22,8,887,9.9,0,0.00,0,0.00,0,0.00,0,0.00,0,0,1,0,0,0.00,0,0.00,0,0.00,0,0.00,0.00
443,Lesley Ugochukwu,fr FRA,MF,Burnley,22-052,2004,33,25,2192,24.4,3,0.12,1,0.04,4,0.16,3,0.12,0,0,3,1,3,0.12,1,0.04,4,0.16,3,0.12,0.16
444,Enes Ünal,tr TUR,FW,Bournemouth,29-007,1997,21,0,212,2.4,1,0.42,0,0.00,1,0.42,1,0.42,0,0,1,0,1,0.42,0,0.00,1,0.42,1,0.42,0.42
445,Virgil van Dijk,nl NED,DF,Liverpool,34-313,1991,37,37,3330,37.0,6,0.16,0,0.00,6,0.16,6,0.16,0,0,4,0,6,0.16,0,0.00,6,0.16,6,0.16,0.16
446,Joël Veltman,nl NED,DF,Brighton,34-122,1992,23,8,993,11.0,1,0.09,0,0.00,1,0.09,1,0.09,0,0,5,0,1,0.09,0,0.00,1,0.09,1,0.09,0.09
447,Micky van de Ven,nl NED,DF,Tottenham Hotspur,25-028,2001,33,33,2861,31.8,4,0.13,1,0.03,5,0.16,4,0.13,0,0,8,1,4,0.13,1,0.03,5,0.16,4,0.13,0.16
448,Bart Verbruggen,nl NED,GK,Brighton,23-272,2002,36,36,3240,36.0,0,0.00,0,0.00,0,0.00,0,0.00,0,0,3,0,0,0.00,0,0.00,0,0.00,0,0.00,0.00
449,Guglielmo Vicario,it ITA,GK,Tottenham Hotspur,29-222,1996,31,31,2790,31.0,0,0.00,0,0.00,0,0.00,0,0.00,0,0,1,0,0,0.00,0,0.00,0,0.00,0,0.00,0.00
450,Kyle Walker,eng ENG,"DF,MF",Burnley,35-354,1990,34,33,2916,32.4,0,0.00,2,0.06,2,0.06,0,0.00,0,0,9,0,0,0.00,2,0.06,2,0.06,0,0.00,0.06
451,Kyle Walker-Peters,eng ENG,DF,West Ham United,29-034,1997,22,14,1293,14.4,1,0.07,0,0.00,1,0.07,1,0.07,0,0,2,0,1,0.07,0,0.00,1,0.07,1,0.07,0.07
452,Aaron Wan-Bissaka,cd COD,"DF,MF",West Ham United,28-172,1997,24,22,2019,22.4,0,0.00,2,0.09,2,0.09,0,0.00,0,0,4,0,0,0.00,2,0.09,2,0.09,0,0.00,0.09
453,James Ward-Prowse,eng ENG,MF,West Ham United,31-197,1994,5,5,413,4.6,0,0.00,0,0.00,0,0.00,0,0.00,0,0,0,0,0,0.00,0,0.00,0,0.00,0,0.00,0.00
454,James Ward-Prowse,eng ENG,MF,Burnley,31-197,1994,11,7,655,7.3,0,0.00,1,0.14,1,0.14,0,0.00,0,0,1,0,0,0.00,1,0.14,1,0.14,0,0.00,0.14
455,Ollie Watkins,eng ENG,FW,Aston Villa,30-138,1995,36,32,2749,30.5,14,0.46,3,0.10,17,0.56,14,0.46,0,0,4,0,14,0.46,3,0.10,17,0.56,14,0.46,0.56
456,Danny Welbeck,eng ENG,FW,Brighton,35-172,1990,35,24,2136,23.7,13,0.55,1,0.04,14,0.59,12,0.51,1,3,5,0,13,0.55,1,0.04,14,0.59,12,0.51,0.55
457,Adam Wharton,eng ENG,MF,Crystal Palace,22-100,2004,32,28,2446,27.2,0,0.00,5,0.18,5,0.18,0,0.00,0,0,6,1,0,0.00,5,0.18,5,0.18,0,0.00,0.18
458,Ben White,eng ENG,DF,Arsenal,28-221,1997,12,9,702,7.8,0,0.00,1,0.13,1,0.13,0,0.00,0,0,0,0,0,0.00,1,0.13,1,0.13,0,0.00,0.13
459,Mats Wieffer,nl NED,DF,Brighton,26-182,1999,25,22,1813,20.1,2,0.10,3,0.15,5,0.25,2,0.10,0,0,8,0,2,0.10,3,0.15,5,0.25,2,0.10,0.25
460,Neco Williams,wls WAL,DF,Nottingham Forest,25-034,2001,35,34,3024,33.6,2,0.06,3,0.09,5,0.15,2,0.06,0,0,6,1,2,0.06,3,0.09,5,0.15,2,0.06,0.15
461,Estêvão Willian,br BRA,MF,Chelsea,19-023,2007,22,12,848,9.4,2,0.21,2,0.21,4,0.42,2,0.21,0,0,4,0,2,0.21,2,0.21,4,0.42,2,0.21,0.42
462,Joe Willock,eng ENG,MF,Newcastle United,26-270,1999,22,9,855,9.5,0,0.00,1,0.11,1,0.11,0,0.00,0,0,3,0,0,0.00,1,0.11,1,0.11,0,0.00,0.11
463,Callum Wilson,eng ENG,"FW,MF",West Ham United,34-079,1992,30,10,1116,12.4,6,0.48,1,0.08,7,0.56,6,0.48,0,0,1,0,6,0.48,1,0.08,7,0.56,6,0.48,0.56
464,Harry Wilson,wls WAL,MF,Fulham,29-056,1997,34,32,2642,29.4,10,0.34,6,0.20,16,0.55,10,0.34,0,0,7,0,10,0.34,6,0.20,16,0.55,10,0.34,0.55
465,Florian Wirtz,de GER,MF,Liverpool,23-014,2003,32,27,2360,26.2,5,0.19,3,0.11,8,0.31,5,0.19,0,0,1,0,5,0.19,3,0.11,8,0.31,5,0.19,0.31
466,Yoane Wissa,cd COD,FW,Newcastle United,29-256,1996,17,4,500,5.6,1,0.18,0,0.00,1,0.18,1,0.18,0,0,2,0,1,0.18,0,0.00,1,0.18,1,0.18,0.18
467,Nick Woltemade,de GER,"FW,MF",Newcastle United,24-092,2002,31,22,1752,19.5,7,0.36,3,0.15,10,0.51,6,0.31,1,1,0,0,7,0.36,3,0.15,10,0.51,6,0.31,0.46
468,Chris Wood,nz NZL,FW,Nottingham Forest,34-161,1991,13,9,771,8.6,3,0.35,0,0.00,3,0.35,3,0.35,0,0,0,0,3,0.35,0,0.00,3,0.35,3,0.35,0.35
469,Freddie Woodman,eng ENG,GK,Liverpool,29-074,1997,3,2,213,2.4,0,0.00,0,0.00,0,0.00,0,0.00,0,0,0,0,0,0.00,0,0.00,0,0.00,0,0.00,0.00
470,Joe Worrall,eng ENG,DF,Burnley,29-127,1997,11,5,500,5.6,0,0.00,0,0.00,0,0.00,0,0.00,0,0,0,0,0,0.00,0,0.00,0,0.00,0,0.00,0.00
471,Granit Xhaka,ch SUI,MF,Sunderland,33-232,1992,32,30,2724,30.3,1,0.03,6,0.20,7,0.23,1,0.03,0,0,7,0,1,0.03,6,0.20,7,0.23,1,0.03,0.23
472,Yehor Yarmoliuk,ua UKR,MF,Brentford,22-077,2004,36,29,2571,28.6,1,0.04,2,0.07,3,0.11,1,0.04,0,0,7,0,1,0.04,2,0.07,3,0.11,1,0.04,0.11
473,Ryan Yates,eng ENG,MF,Nottingham Forest,28-177,1997,21,2,591,6.6,0,0.00,2,0.30,2,0.30,0,0.00,0,0,3,0,0,0.00,2,0.30,2,0.30,0,0.00,0.30
474,Leny Yoro,fr FRA,DF,Manchester Utd,20-185,2005,31,18,1723,19.1,0,0.00,0,0.00,0,0.00,0,0.00,0,0,1,0,0,0.00,0,0.00,0,0.00,0,0.00,0.00
475,Oleksandr Zinchenko,ua UKR,DF,Nottingham Forest,29-153,1996,5,4,353,3.9,0,0.00,0,0.00,0,0.00,0,0.00,0,0,0,0,0,0.00,0,0.00,0,0.00,0,0.00,0.00
476,Joshua Zirkzee,nl NED,"FW,MF",Manchester Utd,24-360,2001,22,5,598,6.6,2,0.30,1,0.15,3,0.45,2,0.30,0,0,3,0,2,0.30,1,0.15,3,0.45,2,0.30,0.45
477,Martín Zubimendi,es ESP,MF,Arsenal,27-104,1999,36,33,2901,32.2,5,0.16,1,0.03,6,0.19,5,0.16,0,0,4,0,5,0.16,1,0.03,6,0.19,5,0.16,0.19
478,Martin Ødegaard,no NOR,MF,Arsenal,27-151,1998,23,15,1280,14.2,1,0.07,6,0.42,7,0.49,1,0.07,0,0,0,0,1,0.07,6,0.42,7,0.49,1,0.07,0.49
